,0
0,https://www.procyclingstats.com/rider/aaron-gate
1,https://www.procyclingstats.com/rider/aaron-verwilst
2,https://www.procyclingstats.com/rider/adam-blythe
3,https://www.procyclingstats.com/rider/adam-de-vos
4,https://www.procyclingstats.com/rider/adam-hansen
5,https://www.procyclingstats.com/rider/adam-yates
6,https://www.procyclingstats.com/rider/adrian-gonzalez
7,https://www.procyclingstats.com/rider/adrian-hegyvary
8,https://www.procyclingstats.com/rider/adrian-kurek
9,https://www.procyclingstats.com/rider/adrien-garel
10,https://www.procyclingstats.com/rider/adrien-petit
11,https://www.procyclingstats.com/rider/aidis-kruopis
12,https://www.procyclingstats.com/rider/aime-de-gendt
13,https://www.procyclingstats.com/rider/aitor-gonzalez-prieto
14,https://www.procyclingstats.com/rider/alan-banaszek
15,https://www.procyclingstats.com/rider/alan-marangoni
16,https://www.procyclingstats.com/rider/alberto-bettiol
17,https://www.procyclingstats.com/rider/aldemar-reyes
18,https://www.procyclingstats.com/rider/alejandro-valverde
19,https://www.procyclingstats.com/rider/aleksandr-vlasov
20,https://www.procyclingstats.com/rider/aleksejs-saramotins
21,https://www.procyclingstats.com/rider/aleksey-lutsenko
22,https://www.procyclingstats.com/rider/aleksey-rybalkin
23,https://www.procyclingstats.com/rider/alessandro-bisolti
24,https://www.procyclingstats.com/rider/alessandro-de-marchi
25,https://www.procyclingstats.com/rider/alessandro-tonelli
26,https://www.procyclingstats.com/rider/alex-aranburu
27,https://www.procyclingstats.com/rider/alex-dowsett
28,https://www.procyclingstats.com/rider/alex-frame
29,https://www.procyclingstats.com/rider/alex-howes
30,https://www.procyclingstats.com/rider/alex-kirsch
31,https://www.procyclingstats.com/rider/alex-turrin
32,https://www.procyclingstats.com/rider/alexander-cataford
33,https://www.procyclingstats.com/rider/alexander-edmondson
34,https://www.procyclingstats.com/rider/alexander-foliforov
35,https://www.procyclingstats.com/rider/alexander-kristoff
36,https://www.procyclingstats.com/rider/alexander-porsev
37,https://www.procyclingstats.com/rider/alexandr-riabushenko
38,https://www.procyclingstats.com/rider/alexandre-geniez
39,https://www.procyclingstats.com/rider/alexandre-pichot
40,https://www.procyclingstats.com/rider/alexis-gougeard
41,https://www.procyclingstats.com/rider/alexis-guerin
42,https://www.procyclingstats.com/rider/alexis-vuillermoz
43,https://www.procyclingstats.com/rider/alexys-brunel
44,https://www.procyclingstats.com/rider/alvaro-cuadros
45,https://www.procyclingstats.com/rider/alvaro-jose-hodeg
46,https://www.procyclingstats.com/rider/alvaro-robredo
47,https://www.procyclingstats.com/rider/amael-moinard
48,https://www.procyclingstats.com/rider/amanuel-gebrezgabihier
49,https://www.procyclingstats.com/rider/amaro-manuel-antunes
50,https://www.procyclingstats.com/rider/amaury-capiot
51,https://www.procyclingstats.com/rider/amund-grondahl-jansen
52,https://www.procyclingstats.com/rider/anass-ait-el-abdia
53,https://www.procyclingstats.com/rider/ander-barrenetxea
54,https://www.procyclingstats.com/rider/andre-greipel
55,https://www.procyclingstats.com/rider/andrea-guardini
56,https://www.procyclingstats.com/rider/andrea-pasqualon
57,https://www.procyclingstats.com/rider/andrea-peron
58,https://www.procyclingstats.com/rider/andrea-vendrame
59,https://www.procyclingstats.com/rider/andreas-schillinger
60,https://www.procyclingstats.com/rider/andrei-grivko
61,https://www.procyclingstats.com/rider/andrei-krasilnikau
62,https://www.procyclingstats.com/rider/andrew-dahlheim
63,https://www.procyclingstats.com/rider/andrew-fenn
64,https://www.procyclingstats.com/rider/andrey-amador
65,https://www.procyclingstats.com/rider/andrey-zeits
66,https://www.procyclingstats.com/rider/andzs-flaksis
67,https://www.procyclingstats.com/rider/angel-madrazo
68,https://www.procyclingstats.com/rider/angelo-tulik
69,https://www.procyclingstats.com/rider/anthony-delaplace
70,https://www.procyclingstats.com/rider/anthony-perez
71,https://www.procyclingstats.com/rider/anthony-roux
72,https://www.procyclingstats.com/rider/anthony-turgis
73,https://www.procyclingstats.com/rider/antoine-duchesne
74,https://www.procyclingstats.com/rider/antoine-warnier
75,https://www.procyclingstats.com/rider/antonio-molina
76,https://www.procyclingstats.com/rider/antonio-nibali
77,https://www.procyclingstats.com/rider/antonio-pedrero
78,https://www.procyclingstats.com/rider/antwan-tolhoek
79,https://www.procyclingstats.com/rider/ariel-maximiliano-richeze
80,https://www.procyclingstats.com/rider/aritz-bagues
81,https://www.procyclingstats.com/rider/arjen-livyns
82,https://www.procyclingstats.com/rider/armindo-fonseca
83,https://www.procyclingstats.com/rider/arnaud-courteille
84,https://www.procyclingstats.com/rider/arnaud-demare
85,https://www.procyclingstats.com/rider/arnaud-gerard
86,https://www.procyclingstats.com/rider/artem-nych
87,https://www.procyclingstats.com/rider/arthur-vichot
88,https://www.procyclingstats.com/rider/artyom-zakharov
89,https://www.procyclingstats.com/rider/august-jensen
90,https://www.procyclingstats.com/rider/aurelien-paret-peintre
91,https://www.procyclingstats.com/rider/aviv-yechezkel
92,https://www.procyclingstats.com/rider/axel-domont
93,https://www.procyclingstats.com/rider/axel-journiaux
94,https://www.procyclingstats.com/rider/bakhtiyar-kozhatayev
95,https://www.procyclingstats.com/rider/baptiste-planckaert
96,https://www.procyclingstats.com/rider/bart-de-clercq
97,https://www.procyclingstats.com/rider/bauke-mollema
98,https://www.procyclingstats.com/rider/ben-gastauer
99,https://www.procyclingstats.com/rider/ben-hermans
100,https://www.procyclingstats.com/rider/ben-o-connor
101,https://www.procyclingstats.com/rider/ben-perry
102,https://www.procyclingstats.com/rider/ben-swift
103,https://www.procyclingstats.com/rider/benat-intxausti
104,https://www.procyclingstats.com/rider/benat-txoperena
105,https://www.procyclingstats.com/rider/benjamin-declercq
106,https://www.procyclingstats.com/rider/benjamin-king-1
107,https://www.procyclingstats.com/rider/benjamin-thomas-2
108,https://www.procyclingstats.com/rider/benoit-cosnefroy
109,https://www.procyclingstats.com/rider/benoit-jarrier
110,https://www.procyclingstats.com/rider/benoit-vaugrenard
111,https://www.procyclingstats.com/rider/bernardo-suaza
112,https://www.procyclingstats.com/rider/bernhard-eisel
113,https://www.procyclingstats.com/rider/bert-de-backer
114,https://www.procyclingstats.com/rider/bert-jan-lindeman
115,https://www.procyclingstats.com/rider/bert-van-lerberghe
116,https://www.procyclingstats.com/rider/bjorg-lambrecht
117,https://www.procyclingstats.com/rider/bob-jungels
118,https://www.procyclingstats.com/rider/boris-vallee
119,https://www.procyclingstats.com/rider/borut-bozic
120,https://www.procyclingstats.com/rider/boy-van-poppel
121,https://www.procyclingstats.com/rider/bram-tankink
122,https://www.procyclingstats.com/rider/bram-welten
123,https://www.procyclingstats.com/rider/brandon-mcnulty
124,https://www.procyclingstats.com/rider/brayan-sanchez
125,https://www.procyclingstats.com/rider/brendan-canty
126,https://www.procyclingstats.com/rider/brendan-rhim
127,https://www.procyclingstats.com/rider/brent-bookwalter
128,https://www.procyclingstats.com/rider/brenton-jones
129,https://www.procyclingstats.com/rider/brian-kamstra
130,https://www.procyclingstats.com/rider/brian-van-goethem
131,https://www.procyclingstats.com/rider/brice-feillu
132,https://www.procyclingstats.com/rider/bruno-armirail
133,https://www.procyclingstats.com/rider/bryan-coquard
134,https://www.procyclingstats.com/rider/bryan-gomez
135,https://www.procyclingstats.com/rider/bryan-nauleau
136,https://www.procyclingstats.com/rider/caleb-ewan
137,https://www.procyclingstats.com/rider/calvin-watson
138,https://www.procyclingstats.com/rider/cameron-meyer
139,https://www.procyclingstats.com/rider/carlos-barbero
140,https://www.procyclingstats.com/rider/carlos-betancur
141,https://www.procyclingstats.com/rider/carlos-eduardo-alzate
142,https://www.procyclingstats.com/rider/carlos-verona
143,https://www.procyclingstats.com/rider/casper-pedersen
144,https://www.procyclingstats.com/rider/cesare-benedetti
145,https://www.procyclingstats.com/rider/chad-haga
146,https://www.procyclingstats.com/rider/charles-bradley-huff
147,https://www.procyclingstats.com/rider/charles-planet
148,https://www.procyclingstats.com/rider/chris-hamilton
149,https://www.procyclingstats.com/rider/christian-knees
150,https://www.procyclingstats.com/rider/christoph-pfingsten
151,https://www.procyclingstats.com/rider/christophe-laporte
152,https://www.procyclingstats.com/rider/christophe-masson
153,https://www.procyclingstats.com/rider/christophe-noppe
154,https://www.procyclingstats.com/rider/christopher-blevins
155,https://www.procyclingstats.com/rider/christopher-froome
156,https://www.procyclingstats.com/rider/christopher-juul-jensen
157,https://www.procyclingstats.com/rider/christopher-lawless
158,https://www.procyclingstats.com/rider/christopher-williams
159,https://www.procyclingstats.com/rider/chun-kai-feng
160,https://www.procyclingstats.com/rider/clement-chevrier
161,https://www.procyclingstats.com/rider/clement-davy
162,https://www.procyclingstats.com/rider/clement-russo
163,https://www.procyclingstats.com/rider/clement-venturini
164,https://www.procyclingstats.com/rider/coen-vermeltfoort
165,https://www.procyclingstats.com/rider/cole-davis
166,https://www.procyclingstats.com/rider/colin-joyce
167,https://www.procyclingstats.com/rider/conor-dunne
168,https://www.procyclingstats.com/rider/corentin-ermenault
169,https://www.procyclingstats.com/rider/cristian-rodriguez
170,https://www.procyclingstats.com/rider/cyril-barthe
171,https://www.procyclingstats.com/rider/cyril-gautier
172,https://www.procyclingstats.com/rider/cyril-lemoine
173,https://www.procyclingstats.com/rider/cyrus-monk
174,https://www.procyclingstats.com/rider/daan-olivier
175,https://www.procyclingstats.com/rider/damiano-caruso
176,https://www.procyclingstats.com/rider/damiano-cima
177,https://www.procyclingstats.com/rider/damiano-cunego
178,https://www.procyclingstats.com/rider/damien-gaudin
179,https://www.procyclingstats.com/rider/damien-howson
180,https://www.procyclingstats.com/rider/daniel-alexander-jaramillo-diez
181,https://www.procyclingstats.com/rider/daniel-eaton
182,https://www.procyclingstats.com/rider/daniel-felipe-martinez
183,https://www.procyclingstats.com/rider/daniel-hoelgaard
184,https://www.procyclingstats.com/rider/daniel-lopez
185,https://www.procyclingstats.com/rider/daniel-martin1
186,https://www.procyclingstats.com/rider/daniel-mclay
187,https://www.procyclingstats.com/rider/daniel-moreno
188,https://www.procyclingstats.com/rider/daniel-navarro
189,https://www.procyclingstats.com/rider/daniel-oss
190,https://www.procyclingstats.com/rider/daniel-pearson
191,https://www.procyclingstats.com/rider/daniel-savini
192,https://www.procyclingstats.com/rider/daniel-teklehaimanot
193,https://www.procyclingstats.com/rider/daniel-turek
194,https://www.procyclingstats.com/rider/daniele-bennati
195,https://www.procyclingstats.com/rider/daniil-fominykh
196,https://www.procyclingstats.com/rider/danilo-celano
197,https://www.procyclingstats.com/rider/danilo-wyss
198,https://www.procyclingstats.com/rider/danny-pate
199,https://www.procyclingstats.com/rider/danny-van-poppel
200,https://www.procyclingstats.com/rider/dario-cataldo
201,https://www.procyclingstats.com/rider/daryl-impey
202,https://www.procyclingstats.com/rider/david-de-la-cruz
203,https://www.procyclingstats.com/rider/david-gaudu
204,https://www.procyclingstats.com/rider/david-lopez
205,https://www.procyclingstats.com/rider/david-lozano
206,https://www.procyclingstats.com/rider/david-per
207,https://www.procyclingstats.com/rider/david-tanner
208,https://www.procyclingstats.com/rider/davide-ballerini
209,https://www.procyclingstats.com/rider/davide-cimolai
210,https://www.procyclingstats.com/rider/davide-formolo
211,https://www.procyclingstats.com/rider/davide-martinelli
212,https://www.procyclingstats.com/rider/davide-villella
213,https://www.procyclingstats.com/rider/dayer-quintana-rojas
214,https://www.procyclingstats.com/rider/delio-fernandez
215,https://www.procyclingstats.com/rider/dennis-van-winden
216,https://www.procyclingstats.com/rider/diego-rosa
217,https://www.procyclingstats.com/rider/diego-rubio
218,https://www.procyclingstats.com/rider/diego-ulissi
219,https://www.procyclingstats.com/rider/dimitri-claeys
220,https://www.procyclingstats.com/rider/dimitri-peyskens
221,https://www.procyclingstats.com/rider/dion-smith
222,https://www.procyclingstats.com/rider/dmitriy-gruzdev
223,https://www.procyclingstats.com/rider/dmitry-kozonchuk
224,https://www.procyclingstats.com/rider/domen-novak
225,https://www.procyclingstats.com/rider/domenico-pozzovivo
226,https://www.procyclingstats.com/rider/dorian-godon
227,https://www.procyclingstats.com/rider/dries-de-bondt
228,https://www.procyclingstats.com/rider/dries-devenyns
229,https://www.procyclingstats.com/rider/dries-van-gestel
230,https://www.procyclingstats.com/rider/dylan-groenewegen
231,https://www.procyclingstats.com/rider/dylan-teuns
232,https://www.procyclingstats.com/rider/dylan-van-baarle
233,https://www.procyclingstats.com/rider/edoardo-zardini
234,https://www.procyclingstats.com/rider/eduard-michael-grosu
235,https://www.procyclingstats.com/rider/eduard-prades
236,https://www.procyclingstats.com/rider/eduardo-sepulveda
237,https://www.procyclingstats.com/rider/edvald-boasson-hagen
238,https://www.procyclingstats.com/rider/edvaldas-siskevicius
239,https://www.procyclingstats.com/rider/edward-anderson
240,https://www.procyclingstats.com/rider/edward-irl-dunbar
241,https://www.procyclingstats.com/rider/edward-planckaert
242,https://www.procyclingstats.com/rider/edward-ravasi
243,https://www.procyclingstats.com/rider/edward-theuns
244,https://www.procyclingstats.com/rider/edwin-avila
245,https://www.procyclingstats.com/rider/egan-bernal
246,https://www.procyclingstats.com/rider/elia-viviani
247,https://www.procyclingstats.com/rider/elias-van-breussegem
248,https://www.procyclingstats.com/rider/elie-gesbert
249,https://www.procyclingstats.com/rider/eliot-lietaer
250,https://www.procyclingstats.com/rider/elmar-reinders
251,https://www.procyclingstats.com/rider/emanuel-buchmann
252,https://www.procyclingstats.com/rider/emanuel-mini
253,https://www.procyclingstats.com/rider/emerson-oronte
254,https://www.procyclingstats.com/rider/emiel-planckaert
255,https://www.procyclingstats.com/rider/emmanuel-morin
256,https://www.procyclingstats.com/rider/enric-mas
257,https://www.procyclingstats.com/rider/enrico-barbin
258,https://www.procyclingstats.com/rider/enrico-battaglin
259,https://www.procyclingstats.com/rider/enrico-gasparotto
260,https://www.procyclingstats.com/rider/enrique-sanz
261,https://www.procyclingstats.com/rider/enzo-wouters
262,https://www.procyclingstats.com/rider/eric-marcotte
263,https://www.procyclingstats.com/rider/eric-young
264,https://www.procyclingstats.com/rider/erik-baska
265,https://www.procyclingstats.com/rider/eros-capecchi
266,https://www.procyclingstats.com/rider/erwann-corbel
267,https://www.procyclingstats.com/rider/etienne-van-empel
268,https://www.procyclingstats.com/rider/eugenio-alafaci
269,https://www.procyclingstats.com/rider/eugert-zhupa
270,https://www.procyclingstats.com/rider/evan-bybee
271,https://www.procyclingstats.com/rider/evan-huffman
272,https://www.procyclingstats.com/rider/evgeny-kobernyak
273,https://www.procyclingstats.com/rider/evgeny-shalunov
274,https://www.procyclingstats.com/rider/fabian-lienhard
275,https://www.procyclingstats.com/rider/fabien-doubey
276,https://www.procyclingstats.com/rider/fabien-grellier
277,https://www.procyclingstats.com/rider/fabio-andres-duarte
278,https://www.procyclingstats.com/rider/fabio-aru
279,https://www.procyclingstats.com/rider/fabio-calabria
280,https://www.procyclingstats.com/rider/fabio-felline
281,https://www.procyclingstats.com/rider/fabio-jakobsen
282,https://www.procyclingstats.com/rider/fabio-sabatini
283,https://www.procyclingstats.com/rider/fabricio-ferrari
284,https://www.procyclingstats.com/rider/fausto-masnada
285,https://www.procyclingstats.com/rider/felix-grossschartner
286,https://www.procyclingstats.com/rider/fernando-barcelo
287,https://www.procyclingstats.com/rider/fernando-gaviria
288,https://www.procyclingstats.com/rider/fernando-orjuela
289,https://www.procyclingstats.com/rider/filippo-ganna
290,https://www.procyclingstats.com/rider/filippo-pozzato
291,https://www.procyclingstats.com/rider/filippo-zaccanti
292,https://www.procyclingstats.com/rider/florian-senechal
293,https://www.procyclingstats.com/rider/florian-vachon
294,https://www.procyclingstats.com/rider/floris-de-tier
295,https://www.procyclingstats.com/rider/floris-gerts
296,https://www.procyclingstats.com/rider/fran-ventoso
297,https://www.procyclingstats.com/rider/francesco-gavazzi
298,https://www.procyclingstats.com/rider/franck-bonnamour
299,https://www.procyclingstats.com/rider/franco-pellizotti
300,https://www.procyclingstats.com/rider/francois-bidard
301,https://www.procyclingstats.com/rider/franklin-six
302,https://www.procyclingstats.com/rider/frantisek-sisr
303,https://www.procyclingstats.com/rider/frederik-backaert
304,https://www.procyclingstats.com/rider/frederik-frison
305,https://www.procyclingstats.com/rider/fumiyuki-beppu
306,https://www.procyclingstats.com/rider/garikoitz-bravo
307,https://www.procyclingstats.com/rider/gatis-smukulis
308,https://www.procyclingstats.com/rider/gavin-mannion
309,https://www.procyclingstats.com/rider/gebremedhin-andemeskel-awet
310,https://www.procyclingstats.com/rider/gediminas-bagdonas
311,https://www.procyclingstats.com/rider/geoffrey-soupe
312,https://www.procyclingstats.com/rider/georg-preidler
313,https://www.procyclingstats.com/rider/george-bennett
314,https://www.procyclingstats.com/rider/geraint-thomas
315,https://www.procyclingstats.com/rider/giacomo-nizzolo
316,https://www.procyclingstats.com/rider/gianluca-brambilla
317,https://www.procyclingstats.com/rider/gianni-moscon
318,https://www.procyclingstats.com/rider/gijs-van-hoecke
319,https://www.procyclingstats.com/rider/giovanni-carboni
320,https://www.procyclingstats.com/rider/giovanni-visconti
321,https://www.procyclingstats.com/rider/giulio-ciccone
322,https://www.procyclingstats.com/rider/giuseppe-fonzi
323,https://www.procyclingstats.com/rider/gonzalo-serrano
324,https://www.procyclingstats.com/rider/gorka-izagirre
325,https://www.procyclingstats.com/rider/gotzon-udondo
326,https://www.procyclingstats.com/rider/grant-koontz
327,https://www.procyclingstats.com/rider/greg-van-avermaet
328,https://www.procyclingstats.com/rider/grega-bole
329,https://www.procyclingstats.com/rider/gregor-muhlberger
330,https://www.procyclingstats.com/rider/gregory-daniel
331,https://www.procyclingstats.com/rider/gregory-habeaux
332,https://www.procyclingstats.com/rider/gregory-rast
333,https://www.procyclingstats.com/rider/guillaume-boivin
334,https://www.procyclingstats.com/rider/guillaume-bonnafond
335,https://www.procyclingstats.com/rider/guillaume-martin
336,https://www.procyclingstats.com/rider/guillaume-van-keirsbulck
337,https://www.procyclingstats.com/rider/guy-sagiv
338,https://www.procyclingstats.com/rider/hamish-schreurs
339,https://www.procyclingstats.com/rider/harm-vanhoucke
340,https://www.procyclingstats.com/rider/hartthijs-de
341,https://www.procyclingstats.com/rider/hayato-yoshida
342,https://www.procyclingstats.com/rider/hector-carretero
343,https://www.procyclingstats.com/rider/hector-saez
344,https://www.procyclingstats.com/rider/heinrich-haussler
345,https://www.procyclingstats.com/rider/hermann-pernsteiner
346,https://www.procyclingstats.com/rider/hernan-aguirre
347,https://www.procyclingstats.com/rider/hernando-bohorquez
348,https://www.procyclingstats.com/rider/hideto-nakane
349,https://www.procyclingstats.com/rider/hiroki-nishimura
350,https://www.procyclingstats.com/rider/hubert-dupont
351,https://www.procyclingstats.com/rider/hugh-carthy
352,https://www.procyclingstats.com/rider/hugo-angel-velazquez
353,https://www.procyclingstats.com/rider/hugo-hofstetter
354,https://www.procyclingstats.com/rider/hugo-houle
355,https://www.procyclingstats.com/rider/huub-duijn
356,https://www.procyclingstats.com/rider/ian-boswell
357,https://www.procyclingstats.com/rider/ian-garrison
358,https://www.procyclingstats.com/rider/ian-stannard
359,https://www.procyclingstats.com/rider/ibai-salas
360,https://www.procyclingstats.com/rider/ignatas-konovalovas
361,https://www.procyclingstats.com/rider/igor-anton
362,https://www.procyclingstats.com/rider/igor-boev
363,https://www.procyclingstats.com/rider/igor-merino
364,https://www.procyclingstats.com/rider/ildar-arslanov
365,https://www.procyclingstats.com/rider/ilia-koshevoy
366,https://www.procyclingstats.com/rider/iljo-keisse
367,https://www.procyclingstats.com/rider/ilnur-zakarin
368,https://www.procyclingstats.com/rider/imanol-erviti
369,https://www.procyclingstats.com/rider/imerio-cima
370,https://www.procyclingstats.com/rider/ion-izagirre
371,https://www.procyclingstats.com/rider/iuri-filosi
372,https://www.procyclingstats.com/rider/ivan-garcia-cortina
373,https://www.procyclingstats.com/rider/ivan-ramiro-sosa
374,https://www.procyclingstats.com/rider/ivan-rovny
375,https://www.procyclingstats.com/rider/ivan-santaromita
376,https://www.procyclingstats.com/rider/ivo-emanuel-alves
377,https://www.procyclingstats.com/rider/jack-bauer
378,https://www.procyclingstats.com/rider/jack-haig
379,https://www.procyclingstats.com/rider/jaco-venter
380,https://www.procyclingstats.com/rider/jacopo-guarnieri
381,https://www.procyclingstats.com/rider/jacopo-mosca
382,https://www.procyclingstats.com/rider/jacques-janse-van-rensburg
383,https://www.procyclingstats.com/rider/jai-hindley
384,https://www.procyclingstats.com/rider/jaime-castrillo
385,https://www.procyclingstats.com/rider/jaime-roson
386,https://www.procyclingstats.com/rider/jakob-fuglsang
387,https://www.procyclingstats.com/rider/jakub-mareczko
388,https://www.procyclingstats.com/rider/james-knox
389,https://www.procyclingstats.com/rider/james-mitri
390,https://www.procyclingstats.com/rider/james-shaw
391,https://www.procyclingstats.com/rider/james-whelan
392,https://www.procyclingstats.com/rider/jan-bakelants
393,https://www.procyclingstats.com/rider/jan-hirt
394,https://www.procyclingstats.com/rider/jan-polanc
395,https://www.procyclingstats.com/rider/jan-tratnik
396,https://www.procyclingstats.com/rider/jan-willem-van-schip
397,https://www.procyclingstats.com/rider/janier-alexis-acevedo
398,https://www.procyclingstats.com/rider/jarlinson-pantano
399,https://www.procyclingstats.com/rider/jasha-sutterlin
400,https://www.procyclingstats.com/rider/jasper-de-buyst
401,https://www.procyclingstats.com/rider/jasper-philipsen
402,https://www.procyclingstats.com/rider/jasper-stuyven
403,https://www.procyclingstats.com/rider/javier-moreno
404,https://www.procyclingstats.com/rider/jay-mccarthy
405,https://www.procyclingstats.com/rider/jay-robert-thomson
406,https://www.procyclingstats.com/rider/jean-pierre-drucker
407,https://www.procyclingstats.com/rider/jelle-vanendert
408,https://www.procyclingstats.com/rider/jelle-wallays
409,https://www.procyclingstats.com/rider/jens-debusschere
410,https://www.procyclingstats.com/rider/jens-keukeleire
411,https://www.procyclingstats.com/rider/jenthe-biermans
412,https://www.procyclingstats.com/rider/jeremy-cornu
413,https://www.procyclingstats.com/rider/jeremy-lecroq
414,https://www.procyclingstats.com/rider/jeremy-leveau
415,https://www.procyclingstats.com/rider/jeremy-maison
416,https://www.procyclingstats.com/rider/jeremy-roy
417,https://www.procyclingstats.com/rider/jeroen-meijers
418,https://www.procyclingstats.com/rider/jerome-baugnies
419,https://www.procyclingstats.com/rider/jerome-cousin
420,https://www.procyclingstats.com/rider/jesper-asselman
421,https://www.procyclingstats.com/rider/jesper-hansen-1
422,https://www.procyclingstats.com/rider/jesse-anthony
423,https://www.procyclingstats.com/rider/jesus-ezquerra-muela
424,https://www.procyclingstats.com/rider/jesus-herrada-lopez
425,https://www.procyclingstats.com/rider/jetse-bol
426,https://www.procyclingstats.com/rider/jhojan-garcia
427,https://www.procyclingstats.com/rider/jhonatan-narvaez
428,https://www.procyclingstats.com/rider/jhonatan-restrepo
429,https://www.procyclingstats.com/rider/jimmy-duquennoy
430,https://www.procyclingstats.com/rider/jimmy-raibaud
431,https://www.procyclingstats.com/rider/jimmy-turgis
432,https://www.procyclingstats.com/rider/joan-bou
433,https://www.procyclingstats.com/rider/joao-almeida
434,https://www.procyclingstats.com/rider/joaquim-silva
435,https://www.procyclingstats.com/rider/joe-dombrowski
436,https://www.procyclingstats.com/rider/joe-lewis
437,https://www.procyclingstats.com/rider/joey-rosskopf
438,https://www.procyclingstats.com/rider/johan-esteban-chaves
439,https://www.procyclingstats.com/rider/johan-le-bon
440,https://www.procyclingstats.com/rider/johann-van-zyl
441,https://www.procyclingstats.com/rider/johannes-frohlinger
442,https://www.procyclingstats.com/rider/john-anderson-rodriguez
443,https://www.procyclingstats.com/rider/john-darwin-atapuma
444,https://www.procyclingstats.com/rider/john-degenkolb
445,https://www.procyclingstats.com/rider/john-murphy
446,https://www.procyclingstats.com/rider/jon-aberasturi
447,https://www.procyclingstats.com/rider/jon-irisarri
448,https://www.procyclingstats.com/rider/jonas-gregaard
449,https://www.procyclingstats.com/rider/jonas-koch
450,https://www.procyclingstats.com/rider/jonas-rickaert
451,https://www.procyclingstats.com/rider/jonas-van-genechten
452,https://www.procyclingstats.com/rider/jonathan-brown
453,https://www.procyclingstats.com/rider/jonathan-castroviejo
454,https://www.procyclingstats.com/rider/jonathan-clarke
455,https://www.procyclingstats.com/rider/jonathan-dibben
456,https://www.procyclingstats.com/rider/jonathan-hivert
457,https://www.procyclingstats.com/rider/jonathan-lastra
458,https://www.procyclingstats.com/rider/joonas-henttala
459,https://www.procyclingstats.com/rider/jordan-parra
460,https://www.procyclingstats.com/rider/jordi-simon
461,https://www.procyclingstats.com/rider/jordi-warlop
462,https://www.procyclingstats.com/rider/jorge-arcas
463,https://www.procyclingstats.com/rider/jorge-cubero
464,https://www.procyclingstats.com/rider/jos-van-emden
465,https://www.procyclingstats.com/rider/jose-goncalves
466,https://www.procyclingstats.com/rider/jose-herrada
467,https://www.procyclingstats.com/rider/jose-joaquin-rojas
468,https://www.procyclingstats.com/rider/jose-manuel-diaz-gallego
469,https://www.procyclingstats.com/rider/jose-mendes
470,https://www.procyclingstats.com/rider/joseph-areruya
471,https://www.procyclingstats.com/rider/josu-zabala
472,https://www.procyclingstats.com/rider/juan-felipe-osorio
473,https://www.procyclingstats.com/rider/juan-jose-amador
474,https://www.procyclingstats.com/rider/juan-jose-lobato
475,https://www.procyclingstats.com/rider/juan-sebastian-molano
476,https://www.procyclingstats.com/rider/juan-villegas
477,https://www.procyclingstats.com/rider/julen-amezqueta
478,https://www.procyclingstats.com/rider/julen-irizar
479,https://www.procyclingstats.com/rider/julian-alaphilippe
480,https://www.procyclingstats.com/rider/julian-cardona2
481,https://www.procyclingstats.com/rider/julien-bernard
482,https://www.procyclingstats.com/rider/julien-duval
483,https://www.procyclingstats.com/rider/julien-el-fares
484,https://www.procyclingstats.com/rider/julien-loubet
485,https://www.procyclingstats.com/rider/julien-morice
486,https://www.procyclingstats.com/rider/julien-mortier
487,https://www.procyclingstats.com/rider/julien-simon
488,https://www.procyclingstats.com/rider/julien-stassen
489,https://www.procyclingstats.com/rider/julien-trarieux
490,https://www.procyclingstats.com/rider/julien-vermote
491,https://www.procyclingstats.com/rider/julius-van-den-berg
492,https://www.procyclingstats.com/rider/juraj-sagan
493,https://www.procyclingstats.com/rider/jurgen-roelandts
494,https://www.procyclingstats.com/rider/justin-jules
495,https://www.procyclingstats.com/rider/justin-mottier
496,https://www.procyclingstats.com/rider/justin-oien
497,https://www.procyclingstats.com/rider/kamil-gradek
498,https://www.procyclingstats.com/rider/kamil-malecki
499,https://www.procyclingstats.com/rider/kanstantsin-siutsou
500,https://www.procyclingstats.com/rider/kasper-asgreen
501,https://www.procyclingstats.com/rider/kenneth-van-bilsen
502,https://www.procyclingstats.com/rider/kenneth-van-rooy
503,https://www.procyclingstats.com/rider/kenny-bel-molly
504,https://www.procyclingstats.com/rider/kenny-de-ketele
505,https://www.procyclingstats.com/rider/kenny-dehaes
506,https://www.procyclingstats.com/rider/kenny-elissonde
507,https://www.procyclingstats.com/rider/kevin-deltombe
508,https://www.procyclingstats.com/rider/kevin-ledanois
509,https://www.procyclingstats.com/rider/kevin-reza
510,https://www.procyclingstats.com/rider/kevin-rivera
511,https://www.procyclingstats.com/rider/kevin-van-melsen
512,https://www.procyclingstats.com/rider/kevyn-ista
513,https://www.procyclingstats.com/rider/kiel-reijnen
514,https://www.procyclingstats.com/rider/kilian-frankiny
515,https://www.procyclingstats.com/rider/kim-magnusson
516,https://www.procyclingstats.com/rider/koen-bouwman
517,https://www.procyclingstats.com/rider/koen-de-kort
518,https://www.procyclingstats.com/rider/kohei-uchima
519,https://www.procyclingstats.com/rider/kris-boeckmans
520,https://www.procyclingstats.com/rider/kristian-sbaragli
521,https://www.procyclingstats.com/rider/kristijan-durasek
522,https://www.procyclingstats.com/rider/kristijan-koren
523,https://www.procyclingstats.com/rider/kristoffer-halvorsen
524,https://www.procyclingstats.com/rider/krists-neilands
525,https://www.procyclingstats.com/rider/kyle-murphy
526,https://www.procyclingstats.com/rider/lachlan-morton
527,https://www.procyclingstats.com/rider/lachlan-norris
528,https://www.procyclingstats.com/rider/lars-boom
529,https://www.procyclingstats.com/rider/lars-ytting-bak
530,https://www.procyclingstats.com/rider/lasse-norman-hansen
531,https://www.procyclingstats.com/rider/laurens-de-plus
532,https://www.procyclingstats.com/rider/laurens-de-vreese
533,https://www.procyclingstats.com/rider/laurens-ten-dam
534,https://www.procyclingstats.com/rider/laurent-didier
535,https://www.procyclingstats.com/rider/laurent-pichon
536,https://www.procyclingstats.com/rider/lawrence-naesen
537,https://www.procyclingstats.com/rider/lawrence-warbasse
538,https://www.procyclingstats.com/rider/lawson-craddock
539,https://www.procyclingstats.com/rider/lennard-hofstede
540,https://www.procyclingstats.com/rider/lennard-kamna
541,https://www.procyclingstats.com/rider/leo-vincent
542,https://www.procyclingstats.com/rider/leonardo-basso
543,https://www.procyclingstats.com/rider/leopold-konig
544,https://www.procyclingstats.com/rider/leszek-plucinski
545,https://www.procyclingstats.com/rider/liam-bertazzo
546,https://www.procyclingstats.com/rider/lilian-calmejane
547,https://www.procyclingstats.com/rider/lindsay-de-vijlder
548,https://www.procyclingstats.com/rider/lionel-taminiaux
549,https://www.procyclingstats.com/rider/lluis-guillermo-mas
550,https://www.procyclingstats.com/rider/logan-owen
551,https://www.procyclingstats.com/rider/loic-chetout
552,https://www.procyclingstats.com/rider/loic-vliegen
553,https://www.procyclingstats.com/rider/lorenzo-rota
554,https://www.procyclingstats.com/rider/lorrenzo-manzin
555,https://www.procyclingstats.com/rider/louis-meintjes
556,https://www.procyclingstats.com/rider/louis-vervaeke
557,https://www.procyclingstats.com/rider/luca-chirico
558,https://www.procyclingstats.com/rider/luca-pacioni
559,https://www.procyclingstats.com/rider/luca-raggio
560,https://www.procyclingstats.com/rider/luca-wackermann
561,https://www.procyclingstats.com/rider/lucas-de-rossi
562,https://www.procyclingstats.com/rider/lucas-hamilton
563,https://www.procyclingstats.com/rider/lucas-sebastian-haedo
564,https://www.procyclingstats.com/rider/ludovic-robeet
565,https://www.procyclingstats.com/rider/ludwig-de-winter
566,https://www.procyclingstats.com/rider/luis-angel-mate
567,https://www.procyclingstats.com/rider/luis-lemus
568,https://www.procyclingstats.com/rider/luis-leon-sanchez
569,https://www.procyclingstats.com/rider/luka-mezgec
570,https://www.procyclingstats.com/rider/luka-pibernik
571,https://www.procyclingstats.com/rider/lukas-postlberger
572,https://www.procyclingstats.com/rider/lukas-spengler
573,https://www.procyclingstats.com/rider/lukasz-owsian
574,https://www.procyclingstats.com/rider/lukasz-wisniowski
575,https://www.procyclingstats.com/rider/luke-durbridge
576,https://www.procyclingstats.com/rider/luke-keough
577,https://www.procyclingstats.com/rider/luke-rowe
578,https://www.procyclingstats.com/rider/maarten-wynants
579,https://www.procyclingstats.com/rider/maciej-bodnar
580,https://www.procyclingstats.com/rider/mads-pedersen
581,https://www.procyclingstats.com/rider/mads-wurtz-schmidt
582,https://www.procyclingstats.com/rider/magnus-cort-nielsen
583,https://www.procyclingstats.com/rider/maikel-zijlaard
584,https://www.procyclingstats.com/rider/manuel-belletti
585,https://www.procyclingstats.com/rider/manuel-senni
586,https://www.procyclingstats.com/rider/manuele-boaro
587,https://www.procyclingstats.com/rider/manuele-mori
588,https://www.procyclingstats.com/rider/marc-fournier
589,https://www.procyclingstats.com/rider/marc-sarreau
590,https://www.procyclingstats.com/rider/marc-soler
591,https://www.procyclingstats.com/rider/marcel-kittel
592,https://www.procyclingstats.com/rider/marcel-sieberg
593,https://www.procyclingstats.com/rider/marco-benfatto
594,https://www.procyclingstats.com/rider/marco-canola
595,https://www.procyclingstats.com/rider/marco-coledan
596,https://www.procyclingstats.com/rider/marco-frapporti
597,https://www.procyclingstats.com/rider/marco-haller
598,https://www.procyclingstats.com/rider/marco-marcato
599,https://www.procyclingstats.com/rider/marco-maronese
600,https://www.procyclingstats.com/rider/marco-mathis
601,https://www.procyclingstats.com/rider/marco-minnaard
602,https://www.procyclingstats.com/rider/marco-tizza
603,https://www.procyclingstats.com/rider/marcus-burghardt
604,https://www.procyclingstats.com/rider/marino-kobayashi
605,https://www.procyclingstats.com/rider/mark-cavendish
606,https://www.procyclingstats.com/rider/mark-christian
607,https://www.procyclingstats.com/rider/mark-mcnally
608,https://www.procyclingstats.com/rider/mark-padun
609,https://www.procyclingstats.com/rider/mark-renshaw
610,https://www.procyclingstats.com/rider/markel-irizar
611,https://www.procyclingstats.com/rider/marko-kump
612,https://www.procyclingstats.com/rider/martijn-budding
613,https://www.procyclingstats.com/rider/martijn-tusveld
614,https://www.procyclingstats.com/rider/masakazu-ito
615,https://www.procyclingstats.com/rider/massimo-rosa
616,https://www.procyclingstats.com/rider/matej-mohoric
617,https://www.procyclingstats.com/rider/mateusz-taciak
618,https://www.procyclingstats.com/rider/mathew-hayman
619,https://www.procyclingstats.com/rider/mathias-de-witte
620,https://www.procyclingstats.com/rider/mathias-frank
621,https://www.procyclingstats.com/rider/mathias-le-turnier
622,https://www.procyclingstats.com/rider/mathias-van-gompel
623,https://www.procyclingstats.com/rider/matteo-bono
624,https://www.procyclingstats.com/rider/matteo-busato
625,https://www.procyclingstats.com/rider/matteo-dal-cin
626,https://www.procyclingstats.com/rider/matteo-fabbro
627,https://www.procyclingstats.com/rider/matteo-malucelli
628,https://www.procyclingstats.com/rider/matteo-montaguti
629,https://www.procyclingstats.com/rider/matteo-pelucchi
630,https://www.procyclingstats.com/rider/matteo-spreafico
631,https://www.procyclingstats.com/rider/matteo-trentin
632,https://www.procyclingstats.com/rider/matthew-brammeier
633,https://www.procyclingstats.com/rider/matthias-brandle
634,https://www.procyclingstats.com/rider/matthieu-ladagnous
635,https://www.procyclingstats.com/rider/matti-breschel
636,https://www.procyclingstats.com/rider/mattia-cattaneo
637,https://www.procyclingstats.com/rider/mattia-frapporti
638,https://www.procyclingstats.com/rider/matvey-mamykin
639,https://www.procyclingstats.com/rider/mauricio-moreira
640,https://www.procyclingstats.com/rider/maurits-lammertink
641,https://www.procyclingstats.com/rider/mauro-finetto
642,https://www.procyclingstats.com/rider/max-kanter
643,https://www.procyclingstats.com/rider/max-walscheid
644,https://www.procyclingstats.com/rider/maxim-belkov
645,https://www.procyclingstats.com/rider/maxime-bouet
646,https://www.procyclingstats.com/rider/maxime-daniel
647,https://www.procyclingstats.com/rider/maxime-farazijn
648,https://www.procyclingstats.com/rider/maxime-monfort
649,https://www.procyclingstats.com/rider/maxime-vantomme
650,https://www.procyclingstats.com/rider/maximilian-schachmann
651,https://www.procyclingstats.com/rider/mehdi-benhamouda
652,https://www.procyclingstats.com/rider/meiyin-wang
653,https://www.procyclingstats.com/rider/mekseb-debesay
654,https://www.procyclingstats.com/rider/merhawi-kudus
655,https://www.procyclingstats.com/rider/michael-albasini
656,https://www.procyclingstats.com/rider/michael-bresciani
657,https://www.procyclingstats.com/rider/michael-carbel
658,https://www.procyclingstats.com/rider/michael-gogl
659,https://www.procyclingstats.com/rider/michael-goolaerts
660,https://www.procyclingstats.com/rider/michael-hepburn
661,https://www.procyclingstats.com/rider/michael-kolar
662,https://www.procyclingstats.com/rider/michael-matthews
663,https://www.procyclingstats.com/rider/michael-morkov
664,https://www.procyclingstats.com/rider/michael-rice
665,https://www.procyclingstats.com/rider/michael-schar
666,https://www.procyclingstats.com/rider/michael-schwarzmann
667,https://www.procyclingstats.com/rider/michael-storer
668,https://www.procyclingstats.com/rider/michael-valgren-andersen
669,https://www.procyclingstats.com/rider/michael-van-staeyen
670,https://www.procyclingstats.com/rider/michael-woods
671,https://www.procyclingstats.com/rider/michal-golas
672,https://www.procyclingstats.com/rider/michal-kwiatkowski
673,https://www.procyclingstats.com/rider/michal-paluta
674,https://www.procyclingstats.com/rider/michal-schlegel
675,https://www.procyclingstats.com/rider/michel-kreder
676,https://www.procyclingstats.com/rider/mickael-delage
677,https://www.procyclingstats.com/rider/miguel-angel-benito
678,https://www.procyclingstats.com/rider/miguel-angel-lopez
679,https://www.procyclingstats.com/rider/miguel-bryon
680,https://www.procyclingstats.com/rider/miguel-eduardo-florez
681,https://www.procyclingstats.com/rider/mihkel-raim
682,https://www.procyclingstats.com/rider/mikael-cherel
683,https://www.procyclingstats.com/rider/mike-teunissen
684,https://www.procyclingstats.com/rider/mikel-aristi
685,https://www.procyclingstats.com/rider/mikel-bizkarra
686,https://www.procyclingstats.com/rider/mikel-iturria
687,https://www.procyclingstats.com/rider/mikel-landa
688,https://www.procyclingstats.com/rider/mikel-nieve
689,https://www.procyclingstats.com/rider/mikkel-bjerg
690,https://www.procyclingstats.com/rider/milan-menten
691,https://www.procyclingstats.com/rider/miles-scotson
692,https://www.procyclingstats.com/rider/mirco-maestri
693,https://www.procyclingstats.com/rider/mitchell-docker
694,https://www.procyclingstats.com/rider/moreno-de-pauw
695,https://www.procyclingstats.com/rider/moreno-hofland
696,https://www.procyclingstats.com/rider/moreno-moser
697,https://www.procyclingstats.com/rider/morgan-schmitt
698,https://www.procyclingstats.com/rider/nacer-bouhanni
699,https://www.procyclingstats.com/rider/nairo-quintana
700,https://www.procyclingstats.com/rider/nans-peters
701,https://www.procyclingstats.com/rider/nathan-brown
702,https://www.procyclingstats.com/rider/nathan-earle
703,https://www.procyclingstats.com/rider/nathan-haas
704,https://www.procyclingstats.com/rider/nathan-van-hooydonck
705,https://www.procyclingstats.com/rider/natnael-berhane
706,https://www.procyclingstats.com/rider/neilson-powless
707,https://www.procyclingstats.com/rider/nelson-oliveira
708,https://www.procyclingstats.com/rider/nelson-soto
709,https://www.procyclingstats.com/rider/niccolo-bonifazio
710,https://www.procyclingstats.com/rider/nick-dougall
711,https://www.procyclingstats.com/rider/nick-schultz
712,https://www.procyclingstats.com/rider/nick-van-der-lijke
713,https://www.procyclingstats.com/rider/nickolas-dlamini
714,https://www.procyclingstats.com/rider/nico-denz
715,https://www.procyclingstats.com/rider/nicola-bagioli
716,https://www.procyclingstats.com/rider/nicola-conci
717,https://www.procyclingstats.com/rider/nicolai-brochner
718,https://www.procyclingstats.com/rider/nicolas-edet
719,https://www.procyclingstats.com/rider/nicolas-roche
720,https://www.procyclingstats.com/rider/nicolas-sessler
721,https://www.procyclingstats.com/rider/nicolay-cherkasov
722,https://www.procyclingstats.com/rider/nigel-ellsay
723,https://www.procyclingstats.com/rider/niki-terpstra
724,https://www.procyclingstats.com/rider/nikias-arndt
725,https://www.procyclingstats.com/rider/nikita-stalnov
726,https://www.procyclingstats.com/rider/niklas-eg
727,https://www.procyclingstats.com/rider/nikolas-maes
728,https://www.procyclingstats.com/rider/nikolay-mihaylov
729,https://www.procyclingstats.com/rider/nikolay-trusov
730,https://www.procyclingstats.com/rider/nils-politt
731,https://www.procyclingstats.com/rider/niv-guy
732,https://www.procyclingstats.com/rider/nuno-bico
733,https://www.procyclingstats.com/rider/odd-christian-eiking
734,https://www.procyclingstats.com/rider/oliver-naesen
735,https://www.procyclingstats.com/rider/olivier-le-gac
736,https://www.procyclingstats.com/rider/oliviero-troia
737,https://www.procyclingstats.com/rider/omar-fraile
738,https://www.procyclingstats.com/rider/omer-goldstein
739,https://www.procyclingstats.com/rider/oscar-cabedo
740,https://www.procyclingstats.com/rider/oscar-gatto
741,https://www.procyclingstats.com/rider/oscar-riesebeek
742,https://www.procyclingstats.com/rider/oscar-rodriguez
743,https://www.procyclingstats.com/rider/owain-doull
744,https://www.procyclingstats.com/rider/pablo-torres
745,https://www.procyclingstats.com/rider/paolo-simion
746,https://www.procyclingstats.com/rider/pascal-ackermann
747,https://www.procyclingstats.com/rider/pascal-eenkhoorn
748,https://www.procyclingstats.com/rider/patrick-bevin
749,https://www.procyclingstats.com/rider/patrick-konrad
750,https://www.procyclingstats.com/rider/patrick-muller
751,https://www.procyclingstats.com/rider/patryk-stosz
752,https://www.procyclingstats.com/rider/paul-martens
753,https://www.procyclingstats.com/rider/paul-ourselin
754,https://www.procyclingstats.com/rider/pavel-kochetkov
755,https://www.procyclingstats.com/rider/pavel-sivakov
756,https://www.procyclingstats.com/rider/pawel-bernas
757,https://www.procyclingstats.com/rider/pawel-cieslik
758,https://www.procyclingstats.com/rider/pawel-franczak
759,https://www.procyclingstats.com/rider/pawel-poljanski
760,https://www.procyclingstats.com/rider/pello-bilbao
761,https://www.procyclingstats.com/rider/perrig-quemeneur
762,https://www.procyclingstats.com/rider/peter-kennaugh
763,https://www.procyclingstats.com/rider/peter-koning
764,https://www.procyclingstats.com/rider/peter-sagan
765,https://www.procyclingstats.com/rider/peter-stetina
766,https://www.procyclingstats.com/rider/petr-vakoc
767,https://www.procyclingstats.com/rider/phil-bauhaus
768,https://www.procyclingstats.com/rider/philip-deignan
769,https://www.procyclingstats.com/rider/philippe-gilbert
770,https://www.procyclingstats.com/rider/pierre-latour
771,https://www.procyclingstats.com/rider/pierre-luc-perichon
772,https://www.procyclingstats.com/rider/pierre-rolland
773,https://www.procyclingstats.com/rider/piet-allegaert
774,https://www.procyclingstats.com/rider/pieter-serry
775,https://www.procyclingstats.com/rider/pieter-vanspeybrouck
776,https://www.procyclingstats.com/rider/pieter-weening
777,https://www.procyclingstats.com/rider/pim-ligthart
778,https://www.procyclingstats.com/rider/piotr-brozyna
779,https://www.procyclingstats.com/rider/preben-van-hecke
780,https://www.procyclingstats.com/rider/primoz-roglic
781,https://www.procyclingstats.com/rider/przemyslaw-kasperkiewicz
782,https://www.procyclingstats.com/rider/przemyslaw-niemiec
783,https://www.procyclingstats.com/rider/quentin-jauregui
784,https://www.procyclingstats.com/rider/quentin-pacher
785,https://www.procyclingstats.com/rider/quentin-valognes
786,https://www.procyclingstats.com/rider/rafael-reis
787,https://www.procyclingstats.com/rider/rafael-valls
788,https://www.procyclingstats.com/rider/rafal-majka
789,https://www.procyclingstats.com/rider/raffaello-bonusi
790,https://www.procyclingstats.com/rider/ramon-sinkeldam
791,https://www.procyclingstats.com/rider/ramunas-navardauskas
792,https://www.procyclingstats.com/rider/rayane-bouhanni
793,https://www.procyclingstats.com/rider/reid-mcclure
794,https://www.procyclingstats.com/rider/rein-taaramae
795,https://www.procyclingstats.com/rider/reinardt-janse-van-rensburg
796,https://www.procyclingstats.com/rider/remi-cavagna
797,https://www.procyclingstats.com/rider/remy-di-gregorio
798,https://www.procyclingstats.com/rider/remy-mertz
799,https://www.procyclingstats.com/rider/reto-hollenstein
800,https://www.procyclingstats.com/rider/ricardo-vilela
801,https://www.procyclingstats.com/rider/riccardo-minali
802,https://www.procyclingstats.com/rider/richard-carapaz
803,https://www.procyclingstats.com/rider/richie-porte
804,https://www.procyclingstats.com/rider/rick-zabel
805,https://www.procyclingstats.com/rider/rigoberto-uran
806,https://www.procyclingstats.com/rider/rik-van-ijzendoorn
807,https://www.procyclingstats.com/rider/rob-britton
808,https://www.procyclingstats.com/rider/robbe-ghys
809,https://www.procyclingstats.com/rider/robbert-de-greef
810,https://www.procyclingstats.com/rider/robert-gesink
811,https://www.procyclingstats.com/rider/robert-kiserlovski
812,https://www.procyclingstats.com/rider/robert-power
813,https://www.procyclingstats.com/rider/robert-wagner
814,https://www.procyclingstats.com/rider/roberto-ferrari
815,https://www.procyclingstats.com/rider/robin-carpenter
816,https://www.procyclingstats.com/rider/rodolfo-andres-torres
817,https://www.procyclingstats.com/rider/roger-kluge
818,https://www.procyclingstats.com/rider/rohan-dennis
819,https://www.procyclingstats.com/rider/romain-bardet
820,https://www.procyclingstats.com/rider/romain-cardis
821,https://www.procyclingstats.com/rider/romain-combaud
822,https://www.procyclingstats.com/rider/romain-gioux
823,https://www.procyclingstats.com/rider/romain-hardy
824,https://www.procyclingstats.com/rider/romain-le-roux
825,https://www.procyclingstats.com/rider/romain-seigle
826,https://www.procyclingstats.com/rider/romain-sicard
827,https://www.procyclingstats.com/rider/roman-kreuziger-1
828,https://www.procyclingstats.com/rider/roman-maikin
829,https://www.procyclingstats.com/rider/rory-sutherland
830,https://www.procyclingstats.com/rider/roy-curvers
831,https://www.procyclingstats.com/rider/roy-goldstein
832,https://www.procyclingstats.com/rider/ruben-companioni
833,https://www.procyclingstats.com/rider/ruben-fernandez
834,https://www.procyclingstats.com/rider/ruben-guerreiro
835,https://www.procyclingstats.com/rider/ruben-plaza
836,https://www.procyclingstats.com/rider/rudiger-selig
837,https://www.procyclingstats.com/rider/rudy-barbier
838,https://www.procyclingstats.com/rider/rudy-molard
839,https://www.procyclingstats.com/rider/rui-costa
840,https://www.procyclingstats.com/rider/rui-oliveira
841,https://www.procyclingstats.com/rider/ruslan-tleubayev
842,https://www.procyclingstats.com/rider/ryan-anderson
843,https://www.procyclingstats.com/rider/ryan-gibbons
844,https://www.procyclingstats.com/rider/ryan-mullen
845,https://www.procyclingstats.com/rider/sacha-modolo
846,https://www.procyclingstats.com/rider/salvatore-puccio
847,https://www.procyclingstats.com/rider/sam-bennett
848,https://www.procyclingstats.com/rider/sam-bewley
849,https://www.procyclingstats.com/rider/sam-brand
850,https://www.procyclingstats.com/rider/sam-oomen
851,https://www.procyclingstats.com/rider/samuel-dumoulin
852,https://www.procyclingstats.com/rider/sander-armee
853,https://www.procyclingstats.com/rider/sasha-weemaes
854,https://www.procyclingstats.com/rider/scott-davies
855,https://www.procyclingstats.com/rider/scott-thwaites
856,https://www.procyclingstats.com/rider/sean-bennett
857,https://www.procyclingstats.com/rider/sean-de-bie
858,https://www.procyclingstats.com/rider/sebastian-henao
859,https://www.procyclingstats.com/rider/sebastian-langeveld
860,https://www.procyclingstats.com/rider/sebastian-schonberger
861,https://www.procyclingstats.com/rider/sebastien-delfosse
862,https://www.procyclingstats.com/rider/sebastien-reichenbach
863,https://www.procyclingstats.com/rider/senne-leysen
864,https://www.procyclingstats.com/rider/sep-vanmarcke
865,https://www.procyclingstats.com/rider/sepp-kuss
866,https://www.procyclingstats.com/rider/serge-pauwels
867,https://www.procyclingstats.com/rider/sergei-chernetski
868,https://www.procyclingstats.com/rider/sergey-firsanov
869,https://www.procyclingstats.com/rider/sergey-lagutin
870,https://www.procyclingstats.com/rider/sergey-shilov
871,https://www.procyclingstats.com/rider/serghei-tvetcov
872,https://www.procyclingstats.com/rider/sergio-higuita
873,https://www.procyclingstats.com/rider/sergio-luis-henao
874,https://www.procyclingstats.com/rider/sergio-pardilla
875,https://www.procyclingstats.com/rider/sergio-rodriguez
876,https://www.procyclingstats.com/rider/sergio-samitier
877,https://www.procyclingstats.com/rider/shane-archbold
878,https://www.procyclingstats.com/rider/sho-hatsuyama
879,https://www.procyclingstats.com/rider/silvan-dillier
880,https://www.procyclingstats.com/rider/silvio-herklotz
881,https://www.procyclingstats.com/rider/simon-clarke
882,https://www.procyclingstats.com/rider/simon-gerrans
883,https://www.procyclingstats.com/rider/simon-geschke
884,https://www.procyclingstats.com/rider/simon-sellier
885,https://www.procyclingstats.com/rider/simon-spilak
886,https://www.procyclingstats.com/rider/simon-yates
887,https://www.procyclingstats.com/rider/simone-andreetta
888,https://www.procyclingstats.com/rider/simone-antonini
889,https://www.procyclingstats.com/rider/simone-bevilacqua
890,https://www.procyclingstats.com/rider/simone-consonni
891,https://www.procyclingstats.com/rider/simone-petilli
892,https://www.procyclingstats.com/rider/simone-ponzi
893,https://www.procyclingstats.com/rider/simone-sterbini
894,https://www.procyclingstats.com/rider/simone-velasco
895,https://www.procyclingstats.com/rider/sindre-skjoestad-lunke
896,https://www.procyclingstats.com/rider/sjoerd-van-ginneken
897,https://www.procyclingstats.com/rider/sondre-holst-enger
898,https://www.procyclingstats.com/rider/sonny-colbrelli
899,https://www.procyclingstats.com/rider/soren-kragh-andersen
900,https://www.procyclingstats.com/rider/stan-godrie
901,https://www.procyclingstats.com/rider/stef-clement
902,https://www.procyclingstats.com/rider/stefan-denifl
903,https://www.procyclingstats.com/rider/stefan-kung
904,https://www.procyclingstats.com/rider/steff-cras
905,https://www.procyclingstats.com/rider/stepan-kurianov
906,https://www.procyclingstats.com/rider/stephane-rossetto
907,https://www.procyclingstats.com/rider/stephen-clancy
908,https://www.procyclingstats.com/rider/stephen-cummings
909,https://www.procyclingstats.com/rider/steve-morabito
910,https://www.procyclingstats.com/rider/steven-kruijswijk
911,https://www.procyclingstats.com/rider/steven-lammertink
912,https://www.procyclingstats.com/rider/stijn-devolder
913,https://www.procyclingstats.com/rider/stijn-steels
914,https://www.procyclingstats.com/rider/stijn-vandenbergh
915,https://www.procyclingstats.com/rider/svein-tuft
916,https://www.procyclingstats.com/rider/sven-erik-bystrm
917,https://www.procyclingstats.com/rider/sylvain-chavanel
918,https://www.procyclingstats.com/rider/szymon-sajnok
919,https://www.procyclingstats.com/rider/taco-van-der-hoorn
920,https://www.procyclingstats.com/rider/tanel-kangert
921,https://www.procyclingstats.com/rider/tanguy-turgis
922,https://www.procyclingstats.com/rider/tanner-putt
923,https://www.procyclingstats.com/rider/tao-geoghegan-hart
924,https://www.procyclingstats.com/rider/taylor-eisenhart
925,https://www.procyclingstats.com/rider/taylor-phinney
926,https://www.procyclingstats.com/rider/tejay-van-garderen
927,https://www.procyclingstats.com/rider/thibault-guernalec
928,https://www.procyclingstats.com/rider/thibaut-pinot
929,https://www.procyclingstats.com/rider/thomas-boudat
930,https://www.procyclingstats.com/rider/thomas-de-gendt
931,https://www.procyclingstats.com/rider/thomas-degand
932,https://www.procyclingstats.com/rider/thomas-deruette
933,https://www.procyclingstats.com/rider/thomas-revard
934,https://www.procyclingstats.com/rider/thomas-scully
935,https://www.procyclingstats.com/rider/thomas-sprengers
936,https://www.procyclingstats.com/rider/tiago-machado
937,https://www.procyclingstats.com/rider/tiesj-benoot
938,https://www.procyclingstats.com/rider/tim-ariesen
939,https://www.procyclingstats.com/rider/tim-declercq
940,https://www.procyclingstats.com/rider/tim-merlier
941,https://www.procyclingstats.com/rider/tim-wellens
942,https://www.procyclingstats.com/rider/timo-roosen
943,https://www.procyclingstats.com/rider/timothy-dupont
944,https://www.procyclingstats.com/rider/tobias-ludvigsson
945,https://www.procyclingstats.com/rider/tom-bohli
946,https://www.procyclingstats.com/rider/tom-devriendt
947,https://www.procyclingstats.com/rider/tom-dumoulin
948,https://www.procyclingstats.com/rider/tom-jelte-slagter
949,https://www.procyclingstats.com/rider/tom-leezer
950,https://www.procyclingstats.com/rider/tom-stamsnijder
951,https://www.procyclingstats.com/rider/tom-van-asbroeck
952,https://www.procyclingstats.com/rider/tom-wirtgen
953,https://www.procyclingstats.com/rider/tomasz-marczynski
954,https://www.procyclingstats.com/rider/toms-skujins
955,https://www.procyclingstats.com/rider/tony-gallopin
956,https://www.procyclingstats.com/rider/tony-martin
957,https://www.procyclingstats.com/rider/tosh-van-der-sande
958,https://www.procyclingstats.com/rider/travis-mccabe
959,https://www.procyclingstats.com/rider/truls-korsaeth
960,https://www.procyclingstats.com/rider/tsgabu-gebremaryam-grmay
961,https://www.procyclingstats.com/rider/ty-magner
962,https://www.procyclingstats.com/rider/tyler-williams
963,https://www.procyclingstats.com/rider/umberto-orsini
964,https://www.procyclingstats.com/rider/umberto-poli
965,https://www.procyclingstats.com/rider/valentin-madouas
966,https://www.procyclingstats.com/rider/valerio-agnoli
967,https://www.procyclingstats.com/rider/valerio-conti
968,https://www.procyclingstats.com/rider/vasil-kiryienka
969,https://www.procyclingstats.com/rider/vegard-stake-laengen
970,https://www.procyclingstats.com/rider/viacheslav-kuznetsov
971,https://www.procyclingstats.com/rider/victor-campenaerts
972,https://www.procyclingstats.com/rider/victor-de-la-parte
973,https://www.procyclingstats.com/rider/victor-lafay
974,https://www.procyclingstats.com/rider/victor-langellotti
975,https://www.procyclingstats.com/rider/vincenzo-albanese
976,https://www.procyclingstats.com/rider/vincenzo-nibali
977,https://www.procyclingstats.com/rider/warren-barguil
978,https://www.procyclingstats.com/rider/wesley-kreder
979,https://www.procyclingstats.com/rider/wilco-kelderman
980,https://www.procyclingstats.com/rider/william-barta
981,https://www.procyclingstats.com/rider/william-bonnet
982,https://www.procyclingstats.com/rider/william-clarke
983,https://www.procyclingstats.com/rider/willie-smit
984,https://www.procyclingstats.com/rider/wilmar-paredes
985,https://www.procyclingstats.com/rider/winner-anacona
986,https://www.procyclingstats.com/rider/wout-poels
987,https://www.procyclingstats.com/rider/wout-van-aert
988,https://www.procyclingstats.com/rider/wouter-wippert
989,https://www.procyclingstats.com/rider/xandro-meurisse
990,https://www.procyclingstats.com/rider/yannick-martinez
991,https://www.procyclingstats.com/rider/yannis-yssaad
992,https://www.procyclingstats.com/rider/yecid-sierra
993,https://www.procyclingstats.com/rider/yevgeniy-gidich
994,https://www.procyclingstats.com/rider/yoann-bagot
995,https://www.procyclingstats.com/rider/yoann-offredo
996,https://www.procyclingstats.com/rider/yohann-gene
997,https://www.procyclingstats.com/rider/yousef-mohamed-mirza
998,https://www.procyclingstats.com/rider/yukiya-arashiro
999,https://www.procyclingstats.com/rider/yves-lampaert
1000,https://www.procyclingstats.com/rider/zakkari-dempster
1001,https://www.procyclingstats.com/rider/zdenek-stybar
1002,https://www.procyclingstats.com/rider/zeke-mostov
1003,https://www.procyclingstats.com/rider/zhandos-bizhigitov
1004,https://www.procyclingstats.com/rider/zico-waeytens
