,rider_url
0,romain-bardet
1,manuel-belletti
2,julien-berard
3,guillaume-bonnafond
4,maxime-bouet
5,jimmy-casper
6,gabriel-chavanne
7,mikael-cherel
8,hubert-dupont
9,martin-elmiger
10,john-gadret
11,ben-gastauer
12,gregor-gazvoda
13,sylvain-georges
14,kristof-goddaert
15,sebastien-hinault
16,steve-houanard
17,blel-kadri
18,romain-lemarchand
19,sebastien-minard
20,lloyd-mondory
21,matteo-montaguti
22,rinaldo-nocentini
23,jean-christophe-peraud
24,mathieu-perget
25,jimmy-raibaud
26,anthony-ravard
27,christophe-riblon
28,nicolas-roche
29,boris-shpilevsky
30,mathieu-teychenne
31,amir-zargari
32,fabio-aru
33,assan-bazayev
34,borut-bozic
35,janez-brajkovic
36,alexandr-dyachenko
37,dmitriy-fofonov
38,enrico-gasparotto
39,francesco-gavazzi
40,andrei-grivko
41,dmitriy-gruzdev
42,jacopo-guarnieri
43,valentin-iglinskiy
44,maxim-iglinskiy
45,tanel-kangert
46,andrey-kashechkin
47,fredrik-kessiakoff
48,robert-kiserlovski
49,roman-kreuziger-1
50,francesco-masciarelli
51,dmitriy-muravyev
52,yevgeniy-nepomnyachshiy
53,evgeni-petrov
54,simone-ponzi
55,sergey-renev
56,kevin-seeldraeyers
57,egor-silin
58,paolo-tiralongo
59,alexandre-vinokourov
60,andrey-zeits
61,alessandro-ballan
62,adam-blythe
63,brent-bookwalter
64,marcus-burghardt
65,stephen-cummings
66,yannick-eijssen
67,cadel-evans
68,mathias-fluckiger
69,mathias-frank
70,philippe-gilbert
71,george-hincapie
72,thor-hushovd
73,martin-kohler
74,klaas-lodewyck
75,amael-moinard
76,steve-morabito
77,taylor-phinney
78,marco-pinotti
79,manuel-quinziato
80,timothy-roe
81,mauro-santambrogio
82,ivan-santaromita
83,michael-schar
84,johann-tschopp
85,greg-van-avermaet
86,tejay-van-garderen
87,lawrence-warbasse
88,danilo-wyss
89,igor-anton
90,mikel-astarloza
91,jorge-azanza
92,pello-bilbao
93,victor-cabedo
94,pierre-cazaux
95,ricardo-garcia-ambroa
96,ion-izagirre
97,gorka-izagirre
98,mikel-landa
99,egoi-martinez
100,miguel-minguez
101,mikel-nieve
102,juan-jose-oroz
103,alan-lezaun-perez
104,ruben-perez
105,adrian-saez-de-arregi
106,samuel-sanchez
107,romain-sicard
108,amets-txurruka
109,pablo-urtasun
110,ivan-velasco
111,gorka-verdugo
112,sebastien-bergeret
113,william-bonnet
114,david-boucher
115,nacer-bouhanni
116,sandy-casar
117,steve-chainel
118,arnaud-courteille
119,mickael-delage
120,arnaud-demare
121,kenny-elissonde
122,pierrick-fedrigo
123,arnaud-gerard
124,anthony-geslin
125,frederic-guesdon
126,yauheni-hutarovich
127,arnold-jeannesson
128,matthieu-ladagnous
129,francis-mourey
130,yoann-offredo
131,remi-pauriol
132,cedric-pineau
133,thibaut-pinot
134,gabriel-rasch
135,dominique-rollin
136,anthony-roux
137,jeremy-roy
138,eduardo-sepulveda
139,geoffrey-soupe
140,benoit-vaugrenard
141,jussi-veikkanen
142,arthur-vichot
143,emilien-viennet
144,winner-anacona
145,leonardo-bertagnolli
146,grega-bole
147,matteo-bono
148,vitaliy-buts
149,mattia-cattaneo
150,davide-cimolai
151,damiano-cunego
152,massimo-graziato
153,danilo-hondo
154,denys-kostyuk
155,yuriy-krivtsov
156,dmitro-krivtsov
157,oleksandr-kvachuk
158,matthew-lloyd
159,adriano-malori
160,marco-marzano
161,manuele-mori
162,przemyslaw-niemiec
163,alessandro-petacchi
164,daniele-pietropolli
165,morris-possoni
166,daniele-righi
167,michele-scarponi
168,oleksandr-sheydyk
169,alessandro-spezialetti
170,simone-stortoni
171,diego-ulissi
172,davide-vigano
173,michele-viola
174,luca-wackermann
175,valerio-agnoli
176,stefano-agostini
177,daniele-aldegheri
178,ivan-basso
179,marco-benfatto
180,maciej-bodnar
181,federico-canuti
182,eros-capecchi
183,damiano-caruso
184,mauro-da-dalto
185,tiziano-dall-antonia
186,timothy-duggan
187,edward-king
188,kristijan-koren
189,matthias-krizek
190,paolo-longo-borghini
191,alan-marangoni
192,moreno-moser
193,dominik-nerz
194,vincenzo-nibali
195,daniel-oss
196,maciej-paterski
197,daniele-ratto
198,fabio-sabatini
199,juraj-sagan
200,peter-sagan
201,cristiano-salerno
202,cayetano-jose-sarmiento
203,sylwester-szmyd
204,alessandro-vanotti
205,elia-viviani
206,lars-ytting-bak
207,gaetan-bille
208,brian-bulgac
209,sander-cordeel
210,bart-de-clercq
211,francis-de-greef
212,jens-debusschere
213,kenny-dehaes
214,gert-dockx
215,andre-greipel
216,adam-hansen
217,gregory-henderson
218,olivier-kaisen
219,gianni-meersman
220,maarten-neyens
221,vicente-reynes
222,frederique-robert
223,jurgen-roelandts
224,marcel-sieberg
225,mehdi-sohrabi
226,thomas-sprengers
227,jurgen-van-de-walle
228,jurgen-van-den-broeck
229,tosh-van-der-sande
230,jonas-van-genechten
231,joost-van-leijen
232,jelle-vanendert
233,dennis-vanendert
234,tim-wellens
235,frederik-willems
236,wouter-wippert
237,andrey-amador
238,marvin-orlando-angarita
239,david-arroyo
240,marzio-bruseghin
241,jonathan-castroviejo
242,juan-jose-cobo
243,rui-costa
244,imanol-erviti
245,ivan-gutierrez
246,jesus-herrada-lopez
247,jose-herrada
248,benat-intxausti
249,francisco-javier-iriarte-garro
250,vladimir-karpets
251,vasil-kiryienka
252,ignatas-konovalovas
253,pablo-lastras
254,david-lopez
255,angel-madrazo
256,javier-moreno
257,sergio-pardilla
258,ruben-plaza
259,nairo-quintana
260,jose-joaquin-rojas
261,branislau-samoilau
262,enrique-sanz
263,alejandro-valverde
264,fran-ventoso
265,giovanni-visconti
266,marco-bandiera
267,tom-boonen
268,matthew-brammeier
269,dario-cataldo
270,sylvain-chavanel
271,francesco-chicchi
272,gerald-ciolek
273,kevin-de-weert
274,dries-devenyns
275,andrew-fenn
276,michal-golas
277,bert-grabsch
278,jeroen-hoorne
279,iljo-keisse
280,michal-kwiatkowski
281,levi-leipheimer
282,nikolas-maes
283,tony-martin
284,serge-pauwels
285,jerome-pineau
286,frantisek-rabon
287,florian-senechal
288,gert-steegmans
289,zdenek-stybar
290,niki-terpstra
291,matteo-trentin
292,guillaume-van-keirsbulck
293,stijn-vandenbergh
294,kristof-vandewalle
295,martin-velits
296,peter-velits
297,julien-vermote
298,michael-albasini
299,fumiyuki-beppu
300,sam-bewley
301,jack-bobridge
302,simon-clarke
303,baden-cooke
304,allan-davis
305,julian-dean
306,mitchell-docker
307,luke-durbridge
308,simon-gerrans
309,matthew-goss
310,michael-hepburn
311,leigh-howard
312,daryl-impey
313,jens-keukeleire
314,aidis-kruopis
315,brett-lancaster
316,sebastian-langeveld
317,robbie-mcewen
318,christian-meier
319,travis-meyer
320,cameron-meyer
321,jens-mouris
322,stuart-o-grady
323,wesley-sulzberger
324,daniel-teklehaimanot
325,svein-tuft
326,tomas-vaitkus
327,pieter-weening
328,matthew-wilson
329,carlos-barredo
330,jetse-bol
331,lars-boom
332,theo-bos
333,matti-breschel
334,graeme-brown
335,stef-clement
336,rick-flens
337,juan-manuel-garate
338,robert-gesink
339,marc-goos
340,wilco-kelderman
341,steven-kruijswijk
342,tom-leezer
343,paul-martens
344,michael-matthews
345,bauke-mollema
346,grischa-niermann
347,daan-olivier
348,mark-renshaw
349,luis-leon-sanchez
350,tom-jelte-slagter
351,bram-tankink
352,laurens-ten-dam
353,maarten-tjallingii
354,jos-van-emden
355,dennis-van-winden
356,coen-vermeltfoort
357,maarten-wynants
358,jan-bakelants
359,daniele-bennati
360,george-bennett
361,matthew-busche
362,fabian-cancellara
363,laurent-didier
364,jakob-fuglsang
365,tony-gallopin
366,linus-gerdemann
367,ben-hermans
368,chris-horner
369,markel-irizar
370,benjamin-king-1
371,andreas-kloden
372,tiago-machado
373,maxime-monfort
374,giacomo-nizzolo
375,nelson-oliveira
376,yaroslav-popovych
377,joost-posthuma
378,gregory-rast
379,thomas-rohregger
380,hayden-roulston
381,andy-schleck
382,frank-schleck
383,jesse-sergent
384,jens-voigt
385,robert-wagner
386,oliver-zaugg
387,haimar-zubeldia
388,davide-appollonio
389,michael-barry
390,edvald-boasson-hagen
391,mark-cavendish
392,alex-dowsett
393,bernhard-eisel
394,juan-antonio-flecha
395,christopher-froome
396,mathew-hayman
397,sergio-luis-henao
398,jeremy-hunt
399,peter-kennaugh
400,christian-knees
401,thomas-lofkvist
402,davide-martinelli
403,lars-petter-nordhaug
404,danny-pate
405,richie-porte
406,salvatore-puccio
407,michael-rogers
408,luke-rowe
409,kanstantsin-siutsou
410,ian-stannard
411,chris-sutton
412,ben-swift
413,geraint-thomas
414,rigoberto-uran
415,bradley-wiggins
416,xabier-zandio
417,jack-bauer
418,thomas-danielson
419,thomas-dekker
420,tyler-farrar
421,koldo-fernandez
422,murilo-antonio-fischer
423,nathan-haas
424,heinrich-haussler
425,ryder-hesjedal
426,alex-howes
427,robert-hunter
428,andreas-klier
429,michel-kreder
430,raymond-kreder
431,christophe-le-mevel
432,martijn-maaskant
433,dan-martin
434,david-millar
435,lachlan-morton
436,ramunas-navardauskas
437,tom-peterson
438,alex-rasmussen
439,jacob-rathe
440,sebastien-rosseler
441,thomas-scully
442,peter-stetina
443,andrew-talansky
444,christian-vande-velde
445,sep-vanmarcke
446,johan-vansummeren
447,steele-von-hoff
448,fabian-wegmann
449,david-zabriskie
450,maxim-belkov
451,pavel-brutt
452,giampaolo-caruso
453,xavier-florencio
454,oscar-freire
455,denis-galimzyanov
456,vladimir-gusev
457,marco-haller
458,joan-horrach
459,petr-ignatenko
460,mikhail-ignatiev
461,vladimir-isaychev
462,alexandr-kolobnev
463,alexander-kristoff
464,timofey-kritskiy
465,aliaksandr-kuchynski
466,viacheslav-kuznetsov
467,alberto-losada
468,denis-menchov
469,daniel-moreno
470,luca-paolini
471,alexander-porsev
472,joaquim-rodriguez
473,rudiger-selig
474,gatis-smukulis
475,simon-spilak
476,yuri-trofimov
477,alexey-tsatevich
478,maxime-vantomme
479,angel-vicioso
480,eduard-vorganov
481,anton-vorobyev
482,ilnur-zakarin
483,jonas-aaen-jorgensen
484,manuele-boaro
485,jonathan-cantwell
486,mads-christensen
487,alberto-contador
488,volodymyr-gustov
489,juan-jose-haedo
490,lucas-sebastian-haedo
491,jesus-hernandez-3
492,christopher-juul-jensen
493,kasper-klostergaard
494,karsten-kroon
495,anders-lund-1
496,rafal-majka
497,ran-margaliot
498,jaroslaw-marycz
499,takashi-miyazawa
500,michael-morkov
501,daniel-navarro
502,benjamin-gonzalez-noval
503,nick-nuyens
504,sergio-paulinho
505,bruno-manuel-silva-pires
506,luke-roberts-1
507,nicki-sorensen
508,chris-anker-sorensen
509,david-tanner
510,matteo-tosatto
511,troels-vinther
512,kris-boeckmans
513,matteo-carrara
514,thomas-de-gendt
515,stefan-denifl
516,stijn-devolder
517,romain-feillu
518,jasper-hamelink
519,johnny-hoogerland
520,martijn-keizer
521,wesley-kreder
522,sergey-lagutin
523,maurits-lammertink
524,gustav-larsson
525,bjorn-leukemans
526,pim-ligthart
527,bert-jan-lindeman
528,marco-marcato
529,tomasz-marczynski
530,barry-markus
531,wouter-mol
532,jacek-morajko
533,martin-mortensen
534,nikita-novikov
535,marcello-pavarin
536,wout-poels
537,rob-ruijgh
538,mirko-selvaggi
539,rafael-valls
540,kenny-van-hummel
541,kevin-van-impe
542,frederik-veuchelen
543,willem-wauters
544,lieuwe-westra
545,steven-caethoven
546,andy-cappelle
547,oleg-chuzhda
548,tim-de-troyer
549,wim-de-vocht
550,sjef-de-wilde
551,thomas-degand
552,jean-pierre-drucker
553,jerome-gilbert
554,rob-goris
555,gregory-habeaux
556,leif-hoste
557,kevyn-ista
558,staf-scheirlinckx
559,timothy-stevens
560,stefan-van-dijk-1
561,jurgen-van-goolen
562,arnoud-van-groen
563,kevin-van-melsen
564,james-vanlandschoot
565,evert-verbist
566,benjamin-verraes
567,steve-bekaert
568,carlos-betancur
569,paolo-ciavatta
570,massimo-codol
571,claudio-corioni
572,stefano-di-carlo
573,danilo-di-luca
574,francesco-di-paolo
575,alessandro-donati
576,stefano-garzelli
577,francesco-ginanni
578,ruggero-marzoli
579,simone-masciarelli
580,andrea-masciarelli
581,vladimir-miholjevic
582,danilo-napolitano
583,francesco-reda
584,daniele-scampamorte
585,fabio-taborre
586,jose-aguilar-vega
587,antonio-cabello-baena
588,jose-luis-cano
589,sergio-carrasco
590,gustavo-cesar-veloso
591,javier-quesada-chacon
592,francisco-clavijo
593,pablo-lechuga-rodriguez
594,juan-jose-lobato
595,roman-osuna-montes
596,adrian-palomares
597,javier-ramirez
598,jose-luis-roldan
599,jesus-rosendo
600,jesus-albert-rubio
601,eloy-ruiz-pinto
602,jordi-simon
603,jose-vicente-toribio
604,andres-vigil-vidal
605,omar-bertazzo
606,alessandro-bertolini
607,riccardo-chiarini
608,alessandro-de-marchi
609,giairo-ermeti
610,fabio-felline
611,roberto-ferrari
612,tomas-aurelio-gil-martinez
613,salvatore-mancuso
614,yonathan-monsalve
615,francisco-javier-moreno
616,carlos-jose-ochoa
617,antonino-parrinello
618,franco-pellizotti
619,jonathan-perdiguero
620,jackson-rodriguez
621,miguel-angel-rubiano
622,jose-humberto-rujano
623,antonio-santoro
624,emanuele-sella
625,jose-rodolfo-serpa
626,albert-torres
627,miguel-armando-ubeto
628,jonas-ahlstrand
629,warren-barguil
630,thomas-bonnin
631,ian-boswell
632,roy-curvers
633,thomas-damuseau
634,bert-de-backer
635,koen-de-kort
636,john-degenkolb
637,yukihiro-doi
638,tom-dumoulin
639,johannes-frohlinger
640,alexandre-geniez
641,simon-geschke
642,patrick-gretsch
643,feng-han
644,yann-huguet
645,thierry-hupond
646,cheng-ji
647,marcel-kittel
648,dominic-klemme
649,roger-kluge
650,tobias-ludvigsson
651,ramon-sinkeldam
652,matthieu-sprick
653,tom-stamsnijder
654,albert-timmer
655,ronan-van-zandbeek
656,tom-veelers
657,eric-berthou
658,jean-marc-bideau
659,guillaume-blot
660,dimitri-champion
661,jean-luc-delpech
662,renaud-dion
663,sebastien-duret
664,armindo-fonseca
665,florian-guillou
666,mathieu-halleguen
667,romain-hardy
668,johan-le-bon
669,geoffroy-lequatre
670,gael-malacarne
671,laurent-pichon
672,florian-vachon
673,javier-aramendia
674,garikoitz-bravo
675,hernani-broco
676,manuel-cardoso
677,andre-cardoso
678,david-de-la-cruz
679,david-de-la-fuente
680,jesus-del-pino
681,karol-domagalski
682,ramon-domene-reyes
683,fabricio-ferrari
684,aitor-galdos
685,marcos-garcia
686,yelko-gomez
687,antton-ibarguren
688,francesco-lasca
689,enzo-josue-moyano
690,danail-andonov-petrov
691,antonio-piedra
692,igor-romero-etxebarria
693,alexander-ryabkin
694,julian-sanchez-pimienta
695,clinton-avery
696,joris-boillat
697,chris-butler
698,william-clarke
699,matthias-friedemann
700,gorik-gardeyn
701,kun-jiang
702,pengda-jiao
703,aaron-kemps
704,jaan-kirsipuu
705,craig-lewis
706,biao-liu
707,anuar-manan
708,mart-ojavee
709,muhamad-adiq-husaine-othman
710,steven-wong
711,kin-san-wu
712,cameron-wurf
713,gang-xu
714,yoann-bagot
715,florent-barle
716,jeremy-bescond
717,mickael-buffaz
718,edwig-cammaerts
719,erwann-corbel
720,jean-eudes-demaret
721,remy-di-gregorio
722,samuel-dumoulin
723,leonardo-duque
724,nicolas-edet
725,julien-fouchard
726,egoitz-garcia
727,jan-ghyselinck
728,arnaud-labbe
729,luis-angel-mate
730,rudy-molard
731,david-moncoutie
732,damien-monier
733,adrien-petit
734,aleksejs-saramotins
735,nico-sijmens
736,rein-taaramae
737,jimmy-turgis
738,tristan-valentin
739,nicolas-vogondy
740,romain-zingle
741,enrico-barbin
742,enrico-battaglin
743,nicola-boem
744,gianluca-brambilla
745,marco-canola
746,sonny-colbrelli
747,marco-coledan
748,christian-delle-stelle
749,andrea-di-corrado
750,roberto-giacobazzi
751,paolo-locatelli
752,stefano-locatelli
753,omar-lombardi
754,sacha-modolo
755,angelo-pagani
756,andrea-pasqualon
757,stefano-pirazzi
758,domenico-pozzovivo
759,filippo-savini
760,darwin-atapuma
761,robinson-chalapud
762,johan-esteban-chaves
763,fabio-andres-duarte
764,juan-pablo-forero
765,javier-gonzalez-barrera
766,luis-felipe-laverde-jimenez
767,wilson-alexander-marentes
768,franck-osorio
769,dalivier-ospina
770,jarlinson-pantano
771,victor-hugo-pena
772,duber-quintero
773,carlos-quintero
774,michael-rodriguez
775,jeffry-romero
776,juan-pablo-suarez
777,juan-pablo-valencia
778,rafael-andriato
779,luca-ascani
780,alfredo-balloni
781,cristian-benenati
782,thomas-bertolini
783,stefano-borchi
784,diego-caccia
785,pier-paolo-de-negri
786,roberto-de-patre
787,francesco-failli
788,elia-favilli
789,oscar-gatto
790,leonardo-giordani
791,andrea-guardini
792,kevin-hulsmans
793,luca-mazzanti
794,cristiano-monguzzi
795,umberto-nardecchia
796,filippo-pozzato
797,alessandro-proni
798,matteo-rabottini
799,davide-ricci-bitti
800,giuseppe-rufo
801,sebastian-stamegna
802,antonio-viola
803,frederic-amorison
804,frederik-backaert
805,vincent-baestaens
806,koen-barbe
807,dirk-bellemakers
808,jonathan-breyne
809,joeri-bueken
810,kevin-claeys
811,stefan-cohnen
812,davy-commeyne
813,bert-de-waele
814,sebastien-delfosse
815,gilles-devillers
816,matti-helminen
817,reinier-honig
818,kurt-hovelijnck
819,egidijus-juodvalkis
820,sven-nys
821,kevin-peeters
822,baptiste-planckaert
823,joeri-stallaert
824,bobbie-traksel
825,kjell-van-driessche
826,sven-vanthourenhout
827,arkimedes-arguelyes
828,alexander-budaragin
829,artur-ershov
830,nikita-eskov
831,sergey-firsanov
832,valery-kaikov
833,alexander-khatuntsev
834,sergey-klimov
835,evgeny-kovalev
836,ivan-kovalev
837,dmitry-kozonchuk
838,leonid-krasnov
839,roman-maikin
840,victor-manakov
841,alexei-markov
842,alexander-mironov
843,artem-ovechkin
844,ivan-rovny
845,anton-samokhvalov
846,ivan-savitskiy
847,alexander-serov
848,nikolay-trusov
849,valery-valynin
850,nikolay-zhurkin
851,matvey-zubov
852,cyril-bessy
853,jerome-coppel
854,arnaud-coyot
855,anthony-delaplace
856,jimmy-engoulvent
857,brice-feillu
858,jeremie-galland
859,jonathan-hivert
860,fabrice-jeandesboz
861,emmanuel-keo
862,christophe-laborie
863,david-lelay
864,cyril-lemoine
865,guillaume-levarlet
866,laurent-mangel
867,jean-marc-marino
868,rony-martias
869,maxime-mederel
870,jean-lou-paiani
871,stephane-poulhies
872,paul-poux
873,maxime-renault
874,julien-simon
875,yannick-talabardon
876,etienne-tortelier
877,alexis-vuillermoz
878,ryan-anderson
879,zach-bell
880,david-boily
881,guillaume-boivin
882,flavio-de-luna
883,antoine-duchesne
884,caleb-fairly
885,martin-gilbert
886,hugo-houle
887,raimond-kunzli
888,keven-lacombe
889,simon-lambert-lemay
890,jonathan-patrick-mccarty
891,francois-parisien
892,ryan-roth
893,will-routley
894,bjorn-selander
895,brian-vandborg
896,yukiya-arashiro
897,giovanni-bernaudeau
898,franck-bouyer
899,anthony-charteau
900,sebastien-chavanel
901,rafaa-chtioui
902,mathieu-claude
903,jerome-cousin
904,damien-gaudin
905,cyril-gautier
906,yohann-gene
907,romain-guillemois
908,said-haddou
909,tony-hurel
910,vincent-jerome
911,christophe-kern
912,pierre-henri-lecuisinier
913,davide-malacarne
914,bryan-nauleau
915,matteo-pelucchi
916,alexandre-pichot
917,perrig-quemeneur
918,kevin-reza
919,pierre-rolland
920,bjorn-thurau
921,angelo-tulik
922,sebastien-turgot
923,david-veilleux
924,thomas-voeckler
925,jan-barta
926,jerome-baugnies
927,cesare-benedetti
928,matthias-brandle
929,steven-cozza
930,andreas-dietziker
931,markus-eichler
932,reto-hollenstein
933,bartosz-huzarski
934,grischa-janorschke
935,blaz-jarc
936,leopold-konig
937,andreas-schillinger
938,daniel-schorn
939,andre-schulze
940,michael-schwarzmann
941,timon-seubert
942,marcel-wyss
943,julien-antomarchi
944,alessandro-bazzana
945,rubens-bertogliati
946,laszlo-bodrogi
947,alex-bowden
948,fabio-calabria
949,daniele-callegarin
950,daniele-colli
951,remi-cusin
952,william-dugan
953,alexander-efimkin
954,julien-el-fares
955,joe-eldridge
956,filippo-fortin
957,aldo-ino-ilesic
958,jure-kocjan
959,vegard-stake-laengen
960,david-lozano
961,javier-megias
962,georg-preidler
963,kiel-reijnen
964,joey-rosskopf
965,alexander-serebryakov
966,martijn-verschoor
967,sander-armee
968,dominique-cornu
969,kevin-de-jonghe
970,kenny-de-ketele
971,laurens-de-vreese
972,tim-declercq
973,pieter-jacobs
974,sven-jodts
975,eliot-lietaer
976,tim-mertens
977,stijn-neirynck
978,jarl-salomein
979,pieter-serry
980,tom-van-asbroeck
981,preben-van-hecke
982,gijs-van-hoecke
983,michael-van-staeyen
984,steven-van-vooren
985,sven-vandousselaere
986,arthur-vanoverberghe
987,pieter-vanspeybrouck
988,zico-waeytens
989,jelle-wallays
990,jonathan-clarke
991,hilton-clarke
992,benjamin-day
993,marc-de-maar
994,philip-deignan
995,robert-forster
996,davide-frattini
997,adrian-hegyvary
998,chris-jones
999,jacobe-keough
1000,jeff-louder
1001,jason-mccartney
1002,karl-menzies
1003,kai-reus
1004,daniel-summerhill
1005,rory-sutherland
1006,jay-robert-thomson
1007,boy-van-poppel
1008,bradley-white
1009,simone-antonini
1010,john-lee-augustyn
1011,filippo-baggio
1012,paolo-bailetti
1013,oleg-berdos
1014,gabriele-bosisio
1015,stiven-fanelli
1016,matteo-fedi
1017,edoardo-girardi
1018,adrian-kurek
1019,sergio-lagana
1020,gianluca-maggiore
1022,davide-mucelli
1023,fabio-piscopiello
1024,frederico-rocchetti
1025,francisco-javier-patxi-vila
1026,gianfranco-visconti
1027,marco-zanotti
1,gediminas-bagdonas
8,frederic-brun-2
12,axel-domont
22,julian-kern
23,pierre-latour
45,evan-huffman
47,arman-kamyshev
51,aleksey-lutsenko
58,ruslan-tleubayev
71,moreno-hofland
81,ivar-slik
96,silvan-dillier
103,sebastian-lander
108,jakub-novak
115,julien-taramarcaz
131,michel-koch
136,nicolo-martinello
137,nariyuki-masuda
147,davide-villella
150,jon-aberasturi
156,tarik-chaoufi
164,ricardo-mestre
169,steffen-radochla
175,ioannis-tamouridis
178,robert-vrecer
191,alexis-guerin
195,olivier-le-gac
202,benoit-poitevin
214,rohan-dennis
231,glenn-o-shea
243,niccolo-bonifazio
245,enea-cambianica
248,valerio-conti
250,luca-dodi
258,andrea-palini
261,jan-polanc
263,ariel-maximiliano-richeze
271,kristijan-durasek
275,stig-broeckx
277,jorne-carolus
317,argiro-ospina
323,eloy-teruel
356,carlos-verona
369,damien-howson
371,jiyong-kang
398,bob-jungels
418,joe-dombrowski
419,joshua-edmondson
438,jonathan-tiernan-locke
443,nikias-arndt
455,nikodemus-holler
458,reinardt-janse-van-rensburg
459,quentin-jauregui
463,luka-mezgec
464,michael-olsson
473,yan-dong-xing
474,mikhail-antonov
478,sergei-chernetski
494,sergey-nikolaev
497,maxim-razumov
515,jesper-hansen-1
520,marko-kump
523,jay-mccarthy
530,pawel-poljanski
562,danny-van-poppel
575,roy-jans
577,stefano-nardelli
580,lander-seynaeve
590,matteo-di-serafino
592,patrick-facchini
594,marco-frapporti
595,mattia-gavazzi
597,yonder-godoy
598,ilia-koshevoy
599,alessandro-malaguti
605,diego-rosa
608,gianfranco-zilioli
609,andrea-zordan
613,francesco-manuel-bongiorno
617,donato-de-ieso
626,nicola-ruffoni
627,edoardo-zardini
636,benoit-jarrier
637,clement-koretzky
638,merhawi-kudus
640,benjamin-le-montagner
643,pierre-luc-perichon
644,fabrice-seigneur
653,ruben-fernandez
655,omar-fraile
659,ruben-martinez-gonzalez
664,diego-rubio
665,ibai-salas
668,josef-cerny
669,pawel-charucki
670,piotr-gawronski
671,adrian-honkisz
672,tomasz-kiendys
675,bartlomiej-matysiak
676,nikolay-mihaylov
678,mateusz-nowak-1
679,lukasz-owsian
680,davide-rebellin
681,marek-rutkiewicz
682,grzegorz-stepniak
683,mateusz-taciak
687,chad-beyer
689,gregory-brenes
691,fu-shiu-cheung
692,chun-kai-feng
695,chan-jae-jang
700,ryota-nishizono
704,fabian-schnaidt
705,dion-smith
706,wang-yip-tang
721,gert-joeaar
723,philip-lavery
735,clement-venturini
736,louis-verhelst
743,frans-claes
745,tom-david
754,christophe-premont
756,stijn-steels
757,klaas-sys
758,pieter-vanherck
761,kevin-verwaest
762,marcel-aregger
768,jonathan-fumeaux
775,pirmin-lang
779,alexandr-pliuschin
780,sebastien-reichenbach
782,patrick-schelling
786,frekalsi-debesay
787,tsgabu-gebremaryam-grmay
788,jacques-janse-van-rensburg
789,songezo-jim
791,louis-meintjes
792,adrien-niyonshuti
794,bradley-potgieter
795,youcef-reguigui
796,martin-reimer
797,meron-russom
798,kristian-sbaragli
799,andreas-stauff
800,jani-tewelde
802,dennis-van-niekerk
803,johann-van-zyl
804,jaco-venter
805,martin-wesemann
806,mikhail-akimov
807,igor-boev
810,alexander-foliforov
813,pavel-kochetkov
821,sergey-pomoshnikov
822,alexander-rybakov
825,andrei-solomennikov
826,gennadiy-tatarinov
829,maxime-daniel
835,julien-guay
847,fabien-schmidt
849,edvaldas-siskevicius
853,juan-esteban-arango
855,edwin-avila
856,julio-alexis-camacho
859,marco-corti
873,natnael-berhane
878,bryan-coquard
887,morgan-lamoisson
890,julien-morice
903,iker-camano
905,zakkari-dempster
906,russell-downing
912,ralf-matzka
913,jonathan-mcevoy
914,jose-mendes
915,erick-rowsell
919,scott-thwaites
920,paul-voss
921,alexander-wetterhall
923,andrea-ciacchini
924,stephen-clancy
925,paolo-cravanzola
926,kevin-de-mesmaeker
928,joonas-henttala
931,justin-stuart-morris
932,andrea-peron
933,aaron-perry
934,thomas-raeymaekers
935,branden-russell
936,andrei-strelkov
938,christopher-williams
941,jasper-de-buyst
946,sander-helven
948,yves-lampaert
958,kenneth-van-bilsen
964,carlos-eduardo-alzate
971,lucas-euser
976,martyn-irvine
979,luke-keough
982,john-murphy
988,ramon-carretero
995,airan-fernandez
996,mauro-finetto
1002,michele-merlo
1003,luigi-miletta
1006,mattia-pozzo
1009,junya-sano
1011,riccardo-stacchiotti
1012,luca-sterbini
5,francois-bidard
11,nico-denz
17,alexis-gougeard
35,maxat-ayazbayev
38,ilya-davidenok
40,daniil-fominykh
54,bakhtiyar-kozhatayev
89,martijn-tusveld
90,nick-van-der-lijke
101,luke-davison
121,dylan-teuns
125,loic-vliegen
128,rick-zabel
131,alberto-bettiol
136,davide-formolo
146,matej-mohoric
175,lorrenzo-manzin
176,guillaume-martin
184,marc-sarreau
190,janier-alexis-acevedo
192,nathan-brown
200,phillip-gaimon
201,dylan-girdlestone
203,lasse-norman-hansen
209,gavin-mannion
217,dylan-van-baarle
244,andrea-vaccher
251,tiesj-benoot
253,vegard-breen
255,sean-de-bie
266,xandro-meurisse
268,oliver-naesen
271,boris-vallee
277,louis-vervaeke
298,dayer-quintana-rojas
302,jasha-sutterlin
307,julian-alaphilippe
331,petr-vakoc
341,magnus-cort-nielsen
344,caleb-ewan
360,nino-schurter
363,simon-yates
364,adam-yates
368,romain-cardis
370,jeremy-cornu
372,dan-craven
382,taruia-krainer
385,yannick-martinez
400,lawson-craddock
410,chad-haga
415,steven-lammertink
416,sea-keong-loh
418,fredrik-ludvigsson
430,sven-erik-bystrom
464,nathan-earle
469,sebastian-henao
487,edward-beltran
492,rasmus-guldhammer
496,michael-kolar
515,michael-valgren-andersen
517,eugenio-alafaci
518,julian-david-arredondo
522,clement-chevrier
525,ryan-eastman
530,alex-kirsch
539,fabio-silvestre
540,jasper-stuyven
545,calvin-watson
546,riccardo-zoidl
555,carlos-galviz
558,marcin-mrosek
562,angelo-raffaele
566,alessio-taliani
567,nicola-testi
578,paolo-colonna
582,andrea-manfredi
583,dario-mantelli
585,andrea-piechele
588,paolo-simion
589,simone-sterbini
592,franck-bonnamour
601,axel-journiaux
606,kevin-ledanois
612,miguel-angel-benito
620,fernando-grijalba
623,lluis-guillermo-mas
624,antonio-molina
625,heiner-rodrigo-parra
629,arnau-sole
654,loic-chetout
661,dylan-kowalski
662,christophe-laporte
675,anthony-turgis
679,jack-anderson
681,brendan-canty
683,jai-crawford
684,floris-goesinnen
685,robbie-hucker
686,benjamin-johnson
687,jordan-kerby
688,darren-lapthorne
690,lachlan-norris
691,thomas-palmer
692,adam-phelan
693,malcolm-rudolph
695,bernard-sulzberger
702,sondre-holst-enger
709,claudio-imhof
716,simon-pellaud
728,nick-dougall
731,karel-hnik
753,gianni-bellini
755,giorgio-cecchinel
758,samuele-conti
759,andrea-dal-col
762,andrea-fedi
764,giuseppe-fonzi
772,mirko-tedeschi
774,ivan-balykin
785,kirill-pozdnyakov
793,edward-fabian-diaz
796,luis-alberto-largo
798,darwin-ferney-pantoja
799,jonathan-paredes
804,rodolfo-andres-torres
808,sam-bennett
815,patrick-konrad
816,alexander-krieger
821,gregor-muhlberger
822,frantisek-padour
829,scott-ambrose
832,ruud-cremers
834,benjamin-dilley
837,nicolas-lefrancois
843,charles-planet
847,victor-campenaerts
851,moreno-de-pauw
857,jonas-rickaert
861,edward-theuns
869,otto-vergaerde
874,isaac-bolivar
882,ken-hanson
895,federico-zurlo
910,alexander-maes
911,marco-minnaard
7,romain-campistrous
27,florent-pereira
50,miguel-angel-lopez
64,tom-bohli
73,campbell-flakemore
74,kilian-frankiny
75,floris-gerts
78,stefan-kung
87,manuel-senni
101,rodrigo-contreras
103,fernando-gaviria
124,lukasz-wisniowski
131,fabien-doubey
134,marc-fournier
136,elie-gesbert
192,mario-costa
195,filippo-ganna
202,luca-pacioni
203,luka-pibernik
207,edward-ravasi
227,frederik-frison
239,dries-van-gestel
240,kenneth-van-rooy
255,jack-haig
275,jasper-bovenhuis
293,ryan-mullen
295,kristoffer-skjerping
300,ruben-zepuntke
315,carter-jones
325,lars-van-der-haar
328,max-walscheid
346,nils-politt
348,jhonatan-restrepo
361,koen-bouwman
363,twan-castelijns
377,timo-roosen
380,mike-teunissen
395,tao-geoghegan-hart
406,alex-peters
428,michael-gogl
429,felix-grossschartner
448,antwan-tolhoek
455,leonardo-basso
457,julien-bernard
466,daniel-mcconnell
471,szymon-rekita
486,massimiliano-barbero-piantino
490,john-ebsen
494,carlos-gimenez
496,alberto-nardin
504,serghei-tvetcov
505,mattia-viel
509,simone-andreetta
514,luca-chirico
524,alessandro-tonelli
526,shane-archbold
528,phil-bauhaus
531,emanuel-buchmann
539,christoph-pfingsten
540,lukas-postlberger
550,matthieu-boulo
552,maxime-cam
565,valentin-madouas
566,daniel-mclay
567,caio-godoy-ormenese
573,carlos-barbero
576,hugh-carthy
579,jose-goncalves
581,carlos-jimenez-esp
586,kyle-murphy
589,eduard-prades
590,jaime-roson
591,hector-saez
593,ricardo-vilela
595,piotr-brozyna
598,jan-hirt
600,jakub-kaczmarek
603,eryk-laton
606,kamil-malecki
609,michal-paluta
611,leszek-plucinski
615,stefan-schumacher
617,patryk-stosz
623,rayane-bouhanni
628,hugo-hofstetter
637,stephane-rossetto
638,xabier-san-sebastian
648,michael-carbel
656,christian-mager
658,mads-pedersen
659,rasmus-quaade
660,michael-reihs
663,joel-zangerle
667,brad-evans
670,brenton-jones
673,peter-koning
677,cameron-peterson
681,samuel-spokes
696,jayde-julius
708,giacomo-berlato
709,alessandro-bisolti
710,didier-chaparro
714,iuri-filosi
715,eduard-michael-grosu
716,manabu-ishibashi
717,shiki-kuroeda
719,nicolas-marini
720,antonio-nibali
721,emanuele-onesti
725,genki-yamamoto
726,jesper-asselman
728,berden-de-vries
729,huub-duijn
730,dylan-groenewegen
733,tim-kerkhof
738,andre-looij
740,mike-terpstra
741,etienne-van-empel
742,sjoerd-van-ginneken
743,brian-van-goethem
744,ildar-arslanov
748,alexander-evtushenko
752,aleksandr-komin
753,alexey-kurbatov
754,roman-kustadinchev
757,artem-nych
764,mamyr-stash
765,julen-amezqueta
768,liam-bertazzo
769,matteo-busato
780,jakub-mareczko
784,cristian-rodriguez
787,eugert-zhupa
789,felix-alejandro-baron
790,alex-cano-ardila
791,camilo-jorge-castiblanco
795,daniel-felipe-martinez
796,juan-sebastian-molano
799,walter-fernando-pedraza-morales
801,carlos-mario-ramirez
802,brayan-stiven-ramirez-chacon
809,thomas-boudat
818,romain-guyot
831,simon-sellier
833,guillaume-thevenot
837,corentin-cherhal
840,gerd-de-keijzer
843,james-glasspool
845,brian-kamstra
852,simon-strobel
856,amaury-capiot
859,floris-de-tier
872,bert-van-lerberghe
873,jef-van-meirhaeghe
878,jens-wallays
895,tanner-putt
903,romain-barroso
905,kevin-callebaut
908,tom-devriendt
909,boris-dron
921,robin-stenuit
7,benoit-cosnefroy
13,etienne-fabre
28,remy-rochas
36,zhandos-bizhigitov
49,nurbolat-kulimbetov
54,dias-omirzakov
63,artyom-zakharov
74,taylor-eisenhart
79,fabian-lienhard
98,patrick-bevin
104,jonathan-dibben
118,toms-skujins
125,michael-woods
132,adrien-costa
134,laurens-de-plus
135,ivan-garcia-cortina
148,hamish-schreurs
150,frantisek-sisr
167,odd-christian-eiking
171,david-gaudu
173,daniel-hoelgaard
179,jeremy-maison
193,leo-vincent
234,fausto-masnada
240,simone-petilli
244,oliviero-troia
259,kevin-deltombe
263,michael-goolaerts
271,james-shaw
282,king-lok-cheung
286,alexander-edmondson
300,robert-power
301,nick-schultz
314,mekseb-debesay
317,metkel-eyob
320,amanuel-ghebreigzabhier
321,ryan-gibbons
349,jochem-hoekstra
352,max-kanter
353,soren-kragh-andersen
356,sindre-skjoestad-lunke
357,sam-oomen
382,matvey-mamykin
405,zhi-hui-jiang
413,primoz-roglic
422,alexey-vermeulen
427,owain-doull
441,gianni-moscon
455,davide-ballerini
456,erik-baska
463,lorenzo-fortunato
473,andrea-montagnoli
486,piet-allegaert
500,jacopo-mosca
505,jose-luis-rodriguez
515,egan-bernal
516,raffaello-bonusi
520,mattia-de-marchi
522,rino-gasparrini
538,giulio-ciccone
540,mirco-maestri
542,lorenzo-rota
548,simone-velasco
557,silvio-herklotz
573,iker-azkarate
579,alberto-gallego
581,domingos-goncalves
582,jon-irisarri
583,jonathan-lastra
593,josu-zabala
594,alan-banaszek
597,victor-de-la-parte
629,dorian-godon
635,mathias-le-turnier
640,anthony-perez
649,mikel-aristi
650,romain-combaud
651,lucas-de-rossi
653,daniel-diaz
656,delio-fernandez
657,fredrik-strand-galta
658,benjamin-giraud
660,asbjorn-kragh-andersen
661,martin-laas
664,sofiane-merignat
665,quentin-pacher
667,thomas-vaubourzeix
670,lilian-calmejane
676,marlon-gaillard
678,fabien-grellier
684,paul-ourselin
701,jason-lowndes
722,camille-guerin
727,julien-loubet
729,justin-mottier
734,steven-tronet
737,murilo-ferraz-affonso
738,otavio-didier-bulgarelli
739,francisco-chamorro
740,andre-de-souza-almeida
741,alex-diniz
742,joo-gaspar
743,gabriel-machado-silva
744,nathan-mahler
745,alexandre-carlos-manarelli
746,luis-mendonca
747,magno-prado
748,pedro-autran-dourado-dutra-nicacio
750,rodrigo-quirino
751,kleber-ramos
752,wilson-ramiro-rincon
753,flavio-cardoso
754,roberto-pinheiro-silva
770,aleksey-rybalkin
773,evgeny-shalunov
776,kirill-sveshnikov
777,aydar-zakarin
778,nicola-bagioli
786,david-gaona
789,marino-kobayashi
790,yuma-koishi
791,kazushige-kuboki
798,yanto-barker
799,tom-baylis
800,marcin-bialoblocki
804,richard-handley
805,george-harper
806,kristian-house
807,joshua-hunt
809,hayden-mccormick
812,chris-opie
813,james-oram
816,sam-williams
817,peter-williams-1
839,moritz-backofen
845,lennard-kamna
846,alexander-kamp
848,thomas-koep
854,sven-reutter
855,jonas-tenbrock
857,alexander-weifenbach
858,willi-willwohl
860,mehdi-benhamouda
875,quentin-valognes
876,rik-van-ijzendoorn
879,valentin-baillifard
880,nicolas-baldo
881,david-belda
882,nico-brungger
883,alberto-cecchin
884,marco-d-urbano
885,lucas-manuel-gaday
887,lukas-jaun
890,tristan-marguet
891,dylan-page
892,frank-pache
895,colin-stussi
896,roland-thalmann
897,nicola-toffali
898,giacomo-tomio
900,rino-zampilli
903,aime-de-gendt
908,maxime-farazijn
911,ruben-pols
930,daniel-eaton
932,daniel-alexander-jaramillo-diez
935,ty-magner
941,stanisaw-aniolkowski
942,adrian-banaszek
943,norbert-banaszek
944,pawel-bernas
945,lukasz-bodnar
947,pawel-cieslik
948,pawel-franczak
949,kamil-gradek
951,jonas-koch
952,michal-podlaski
953,jiri-polnicky
955,adam-stachowiak
956,daniel-staniszewski
960,jenthe-biermans
962,dimitri-claeys
965,antoine-demoitie
972,mark-mcnally
976,miles-scotson
987,johnatan-canaveral
990,matteo-draperi
991,gilbert-ducornau
992,xuban-errazkin-perez
1000,cristian-raileanu
1004,mirko-trosino
2,rudy-barbier
10,aurelien-doleatto
14,julien-duval
19,kevin-geniets
27,nans-peters
30,clement-russo
43,yevgeniy-gidich
49,truls-korsaeth
51,karl-patrick-lauk
54,riccardo-minali
58,nikita-stalnov
71,ondrej-cink
75,andrea-garosio
79,jon-ander-insausti
85,domen-novak
86,mark-padun
88,david-per
91,andrea-toniatti
93,meiyin-wang
107,patrick-muller
120,nathan-van-hooydonck
123,bram-welten
125,pascal-ackermann
165,cyrus-monk
180,bruno-armirail
208,romain-seigle
226,senne-leysen
229,remy-mertz
231,emiel-planckaert
237,mathias-van-gompel
242,enzo-wouters
274,remi-cavagna
281,alvaro-jose-hodeg
283,przemyslaw-kasperkiewicz
289,enric-mas
292,maximilian-schachmann
306,nickolas-dlamini
321,ben-o-connor
336,piotr-havik
347,marco-mathis
355,mads-wurtz-schmidt
368,amund-grondahl-jansen
369,adriaan-janssen
425,chris-hamilton
426,lennard-hofstede
435,leon-rohde
449,nicola-conci
451,gregory-daniel
457,ruben-guerreiro
461,matteo-moschetti
470,ayden-toovey
473,anass-ait-el-abdia
476,simone-consonni
484,seid-lizde
487,yousef-mohamed-mirza
495,alexandr-riabushenko
496,francesco-romano
509,mattia-frapporti
511,matteo-malucelli
515,kevin-rivera
516,ivan-ramiro-sosa
517,matteo-spreafico
520,andrea-vendrame
523,mark-christian
525,conor-dunne
527,aaron-gate
534,daniel-pearson
537,vincenzo-albanese
541,michael-bresciani
545,marco-maronese
546,umberto-orsini
547,nicolo-pacinotti
557,alex-aranburu
561,danilo-celano
567,justin-oien
570,oscar-pelegri
572,rafael-reis
577,gonzalo-serrano
578,manuel-sola
598,michal-schlegel
602,jan-tratnik
604,fernando-barcelo
614,victor-lafay
627,tanguy-turgis
634,jonathan-couanon
637,benjamin-dyball
646,emils-liepins
650,john-anderson-rodriguez
655,mathieu-burgaudeau
668,florian-maitre
671,clement-orceau
688,thibault-guernalec
694,kenny-molly
698,alan-riou
705,nikolay-cherkasov
709,evgeny-kobernyak
711,stepan-kurianov
731,jose-manuel-diaz-gallego
732,itamar-einhorn
733,roy-goldstein
734,luis-lemus
736,krists-neilands
737,guy-niv
738,ben-perry
739,mihkel-raim
740,guy-sagiv
742,nicolas-sessler
743,daniel-turek
745,tyler-williams
746,aviv-yechezkel
747,hernan-aguirre
748,juan-jose-amador-castano
749,hernando-bohorquez
751,luis-carlos-chia-bermudez
752,jhojan-garcia
753,sergio-higuita
755,fernando-orjuela
756,juan-felipe-osorio
757,wilmar-paredes
759,aldemar-reyes
760,ever-alexander-rivera
761,cristian-stiven-ruiz-pelaez
762,yecid-sierra
763,bernardo-suaza
765,juan-villegas
770,joan-bou
772,damiano-cima
777,masakazu-ito
783,hideto-nakane
784,hiroki-nishimura
787,kohei-uchima
788,tim-ariesen
790,martijn-budding
795,jeroen-meijers
797,elmar-reinders
798,oscar-riesebeek
800,taco-van-der-hoorn
808,lauro-cesar-chaman
811,andre-eduardo-gohr
813,breno-morais-santos
817,raphael-pires
818,victor-ranghetti
820,daniel-silva
822,lincoln-do-vale
829,lindsay-de-vijlder
830,benjamin-declercq
834,christophe-noppe
835,edward-planckaert
847,sam-brand
852,romain-gioux
856,reid-mcclure
860,umberto-poli
867,alexander-cataford
877,travis-mccabe
883,dries-de-bondt
886,timothy-dupont
887,stan-godrie
889,jappe-jaspers
891,arjen-livyns
892,tim-merlier
895,lennert-teugels
896,wout-van-aert
897,elias-van-breussegem
898,stef-van-zummeren
903,jasper-de-laat
907,brecht-dhaene
909,thomas-gibbons
925,ludwig-de-winter
927,tom-dernies
928,thomas-deruette
929,jimmy-duquennoy
933,justin-jules
935,christophe-masson
936,julien-mortier
937,lawrence-naesen
938,olivier-pardini
939,dimitri-peyskens
940,ludovic-robeet
941,lukas-spengler
942,julien-stassen
943,lionel-taminiaux
945,antoine-warnier
952,yuri-colonna
956,miguel-eduardo-florez
960,mattia-marcelli
965,luca-raggio
968,alex-turrin
5,geoffrey-bouchard
6,clement-champoussin
26,aurelien-paret-peintre
28,nicolas-prodhomme
43,jonas-gregaard
86,hermann-pernsteiner
88,maxim-pirard
93,stephen-williams
102,alexander-evans
106,freddy-ovett
145,johannes-schinnagel
150,alexys-brunel
152,clement-davy
175,benjamin-thomas-2
186,stan-dewulf
192,bjorg-lambrecht
200,gerben-thijssen-bel
202,brent-van-moer
204,harm-vanhoucke
212,brayan-chaves
217,lucas-hamilton
229,robert-stannard
230,xiaolong-sun
238,jorge-arcas
242,nuno-bico
243,richard-carapaz
244,hector-carretero
245,jaime-castrillo
251,antonio-pedrero
257,marc-soler
262,kasper-asgreen
271,mikkel-honore
272,fabio-jakobsen
275,james-knox
280,jhonatan-narvaez
281,barnabas-peak
296,scott-davies
307,kent-main
314,matteo-sobrero
315,connor-swift
324,julian-cardona-tabares
333,kim-magnusson
339,jose-fernandes
340,logan-owen
346,julius-van-den-berg
348,james-whelan
353,steff-cras
355,matteo-fabbro
368,kenny-nijssen
372,willie-smit
374,dmitry-strakhov
384,pascal-eenkhoorn
389,sepp-kuss
392,jan-maas
395,neilson-powless
411,mark-donovan
413,edward-irl-dunbar
418,kristoffer-halvorsen
419,ethan-hayter
426,christopher-lawless
433,pavel-sivakov
440,cees-bol
443,nils-eekhoff
448,jai-hindley
457,michael-storer
474,niklas-eg
476,alex-frame
489,michel-ries
497,andrea-bagioli
503,alessandro-covi
519,german-nicolas-tivani-perez
555,casper-pedersen
562,giovanni-carboni
569,daniel-savini
576,oscar-cabedo
577,jorge-cubero
578,jesus-ezquerra-muela
579,paniego-fuentes
580,adrian-gonzalez
582,victor-langellotti
583,daniel-lopez
586,igor-merino
587,james-mitri
588,gabriel-pons
589,alvaro-robredo
594,pablo-torres
599,alvaro-cuadros
605,mauricio-moreira
612,joaquim-silva
613,nelson-soto
614,yannis-yssaad
616,amaro-manuel-antunes
630,szymon-sajnok
651,emmanuel-morin
654,antonio-puppio
657,anders-skaarseth
665,joseph-areruya
670,alessandro-fedeli
677,jeremy-leveau
680,robin-meyer
687,julien-trarieux
706,david-riviere
713,aritz-bagues
715,ander-barrenetxea
716,cyril-barthe
717,mikel-bizkarra
719,aitor-gonzalez-prieto
720,julen-irizar
721,mikel-iturria
724,oscar-rodriguez
725,sergio-rodriguez
727,sergio-samitier
729,benat-txoperena
730,gotzon-udondo
738,vladislav-kulikov
739,alexandr-kulikovskiy
743,denis-nekrasov
749,sergey-shilov
751,aleksandr-vlasov
752,joao-almeida
753,edward-anderson
754,william-barta
755,sean-bennett
756,mikkel-bjerg
757,christopher-blevins
758,jonathan-brown
759,cole-davis
760,ian-garrison
761,zeke-mostov
762,ivo-emanuel-alves
763,rui-oliveira
764,jasper-philipsen
765,thomas-revard
766,michael-rice
767,maikel-zijlaard
768,miguel-bryon
769,nicolai-brochner
770,evan-bybee
771,ruben-companioni
772,andrew-dahlheim
774,andzs-flaksis
775,bryan-gomez
776,grant-koontz
777,andrei-krasilnikau
778,joe-lewis
781,brendan-rhim
782,brayan-sanchez
783,morgan-schmitt
785,matteo-badilatti
787,clement-carisey
793,awet-gebremedhin-andemeskel
795,omer-goldstein
797,august-jensen
822,jordan-parra
829,leonardo-bonifazio
833,imerio-cima
836,sho-hatsuyama
843,hayato-okamoto
845,miguel-reyes
847,marco-tizza
849,hayato-yoshida
850,filippo-zaccanti
852,jesse-anthony
853,rob-britton
854,robin-carpenter
855,matteo-dal-cin
856,adam-de-vos
857,nigel-ellsay
858,charles-bradley-huff
860,colin-joyce
862,brandon-mcnulty
864,emerson-oronte
866,eric-young
870,robbert-de-greef
872,kevin-inkelaar
882,jan-willem-van-schip
895,robbe-ghys
896,milan-menten
906,aaron-verwilst
907,jordi-warlop
908,sasha-weemaes
923,romain-le-roux
924,florentin-lecamus-lambert
934,oliver-behringer
941,declan-irvine
945,emanuel-mini
962,eric-marcotte
967,hugo-angel-velazquez
968,luuc-bugter
969,gil-d-heygere
972,mathias-de-witte
981,guillaume-seye
989,maxime-chevalier
994,corentin-ermenault
996,adrien-garel
999,jeremy-lecroq
1000,gaetan-lemoine
1013,alfdan-de-decker
1020,pierre-goebeert
1048,franklin-six
1054,tom-wirtgen
1056,simone-bevilacqua
1062,moreno-marchetti
1064,maxence-moncassin
1069,nicholas-rinaldi
1070,massimo-rosa
1071,sebastian-schonberger
20,jaakko-hanninen
22,matteo-jorgenson
23,anthony-jullien
54,yuriy-natarov
55,vadim-pronskiy
137,alfred-wright
138,georg-zimmermann
146,remco-evenepoel
147,samuel-gaze
163,jannik-steimle
171,jonathan-klever-caicedo
193,luis-villalobos-hernandez
194,matthew-walls
208,ziga-jerman
213,matis-louvel
238,fredrik-hagen-carl
240,rasmus-byriel-iversen
258,edoardo-affini
266,james-fouche
268,kaden-groves
281,callum-scotson
319,stefan-de-bod
328,alexander-konychev
330,gino-mader
337,rasmus-tiller
381,stef-krul
397,jonas-vingegaard-rasmussen
402,dylan-boumans
412,juri-hollmann
421,harry-tanfield
435,marc-hirschi
439,marten-kooistra
443,joris-nieuwenhuis
448,martin-salmon
450,florian-stork
461,nicolas-debeaumarche
469,juan-pedro-lopez
477,charlie-quarterman
484,matthew-beers
490,nicolas-dalla-valle
501,cristian-munoz
506,tadej-pogacar
514,mattia-bais
521,leonardo-fedrigo
528,daniel-munoz
530,simone-ravanelli
532,josip-rumac
534,nicola-venchiarutti
541,luca-covili
546,alessandro-pessot
560,gibson-matthew
566,manuel-penalver
570,jaume-sureda
576,sanchez-canellas
577,jefferson-cepeda-hernandez
581,david-gonzalez-lopez
584,oier-lazkano
586,sergio-martin
588,sebastian-mora-vedri
590,joel-nicolau
592,eusebio-pascual
603,eddy-fine
613,pit-leyder
622,damien-touze
625,attilio-viviani
627,antoine-benoist
628,brent-cle
631,petter-fagerhaug
634,jimmy-janssens
635,tom-meeusen
636,marcel-meisen
639,loris-rouiller
641,mathieu-van-der-poel
642,david-van-der-poel
643,maarten-van-trijp
645,gianni-vermeersch
646,philipp-walsleben
648,simon-carr
651,alexandre-delettre
659,mickael-guichard
674,urko-berrade-fernandez
677,mario-gonzalez-salas
681,juan-antonio-lopez-cozar-jaimez
688,jose-daniel-viejo
698,marco-landi
701,anton-popov-aleksandrovich
703,petr-rikunov
711,anton-vtiurin
716,andre-carvalho
718,jakob-egholm
720,liam-holowesko
722,sean-quinn
725,karel-vacek
726,kevin-vermaerke
731,yuval-ben-moshe
754,alexis-renard
761,andrea-bartolozzi
764,mattia-bevilacqua
768,davide-gabburo
769,roberto-gonzalez
770,alessandro-iacchi
772,umberto-marengo
782,ruben-mario-acosta
788,filippo-fiorelli
790,masahiro-ishigami
792,keigo-kusaba
794,giovanni-lonardi
798,alejandro-osorio-carbajal
805,pier-andre-cote
820,lucas-eriksson
821,krister-hagen
823,tobias-kongstad
824,andreas-kron
827,mathias-norsgaard
829,andreas-stokbro
830,torkil-veyhe
831,emil-vinjebo
833,rasmus-bogh-wallin
845,justin-timmermans
868,aaron-van-poucke
873,thimo-willems
885,maxime-jarnet
907,peter-kusztor
910,samuel-munday
914,ulugbek-saidov
915,enzo-bernard
922,valentin-ferron
943,alan-boileau
967,raul-alarcon
968,samuel-caldeira
969,francisco-campos
970,antonio-carvalho
972,jose-ferreira
973,cesar-fonte
974,jorge-magalhaes
975,daniel-mestre
977,edgar-pinto
979,joao-rodrigues
980,angel-sanchez-rebollido
982,rui-vinhas
983,jonas-castrique
985,laurens-huys
992,aksel-nommela
993,mathijs-paasschens
994,tom-paquot
1001,luc-wirtgen
1005,cedric-beullens
1011,theo-delacroix
1022,trond-trondsen
